Workbook

Sheet test
A1: Finca | B1: Qty | C1: Type of Box | D1: Cantidad_Min | E1: Cantidad_QB | F1: Variedad | G1: Nombre | H1: Color | I1: Cost | J1: Markup | K1: Precio | L1: Guia | M1: FechaEntrega | N1: Duties | O1: Origen | P1: Box | Q1: img | R1: Transport | S1: Largo2 | T1: Ancho | U1: Alto | V1: Volumen | W1: Transport2 | X1: Import Duties | Y1: Total | Z1: FincaID | AA1: Inventarios | AB1: SendEmail | AC1: Comments | AD1: Standing Orders
A2: Agrirose | B2: 3 | C2: EB | D2: 120 | E2: 120 | F2: Ranunculus/Anemones | G2: ="Assorted Colors " & _xlfn.XLOOKUP(Main[[#This Row],[FechaEntrega]], Guias[Fecha], Guias[Llegada]) -> Assorted Colors (T/W) | H2: PO107154 | I2: 0.7 | J2: =_xlfn.LET( _xlpm.result, 1-((Main[[#This Row],[Cost]]+Main[[#This Row],[Duties]]+Main[[#This Row],[Transport]])/((Main[[#This Row],[Precio]]*0.96))), IF(_xlpm.result<0, "BAJO", IF(_xlpm.result>1, "ALTO", _xlpm.result)) ) -> 0.30350099 | K2: 1.69 | L2: {=_xlfn.LET( _xlpm.DiaSemana, WEEKDAY(Main[[#This Row],[FechaEntrega]], 2), _xlpm.CajaEcuador, OR(Main[[#This Row],[Type of Box]]="QB", Main[[#This Row],[Type of Box]]="EB", Main[[#This Row],[Type of Box]]="HB", Main[[#This Row],[Type of Box]]="SB"), _xlpm.CajaColombia, OR(Main[[#This Row],[Type of Box]]="QB2", Main[[#This Row],[Type of Box]]="EB2"), _xlpm.EsTF, ISNUMBER(SEARCH("T/F", Main[[#This Row],[Nombre]])), _xlpm.FincaCol, OR(Main[[#This Row],[Finca]]="Plazoleta", Main[[#This Row],[Finca]]="Flowers Party", Main[[#This Row],[Finca]]="HydranFlowers", Main[[#This Row],[Finca]]="Alexandra Farms", Main[[#This Row],[Finca]]="Circasia S.A.S.", Main[[#This Row],[Finca]]="Vuelven S.A.S.", Main[[#This Row],[Finca]]="Cultivos del Norte", Main[[#This Row],[Finca]]="La Conchita"), _xlpm.DiaGuia, _xlfn.IFS( AND(_xlpm.DiaSemana=1, _xlpm.CajaEcuador), "Lunes", AND(_xlpm.DiaSemana=1, _xlpm.CajaColombia), "Lunes", AND(_xlpm.DiaSemana=2, _xlpm.CajaEcuador), "Martes", AND(_xlpm.DiaSemana=2, _xlpm.CajaColombia), "Lunes", _xlpm.DiaSemana=3, "Miercoles", AND(_xlpm.DiaSemana=4, _xlpm.CajaEcuador), "Jueves", AND(_xlpm.DiaSemana=4, _xlpm.CajaColombia), "Miercoles", AND(_xlpm.DiaSemana=5, _xlpm.CajaEcuador), "Viernes", AND(_xlpm.DiaSemana=5, _xlpm.CajaColombia), "Jueves", AND(_xlpm.DiaSemana=6, _xlpm.CajaEcuador, _xlpm.EsTF), "Sabado B", AND(_xlpm.DiaSemana=6, _xlpm.CajaEcuador), "Viernes", AND(_xlpm.DiaSemana=6, _xlpm.CajaColombia), "Viernes", TRUE, "" ), _xlpm.ColGuia, _xlfn.IFS( _xlpm.DiaSemana=3, Guias[Ecuador], _xlpm.CajaColombia, Guias[Colombia], TRUE, Guias[Ecuador] ), _xlpm.VuelosError, IFERROR(_xlfn.XLOOKUP(_xlpm.DiaGuia, Guias[Día], Guias[Vuelos])="***Error de Fecha***", FALSE), _xlpm.SemanaIncorrecta, _xlfn.ISOWEEKNUM(Main[[#This Row],[FechaEntrega]]-2) <> Guias!$M$2, IF(_xlpm.SemanaIncorrecta, "ERROR S", IF(ISNA(MATCH(Main[[#This Row],[FechaEntrega]], Guias[Fecha], 0)), "ERROR F", IF(_xlfn.XOR(_xlpm.FincaCol, _xlpm.CajaColombia), "ERROR P", IF(_xlpm.DiaGuia="", "", IF(_xlpm.VuelosError, "ERROR V", _xlfn.XLOOKUP(_xlpm.DiaGuia, Guias[Día], _xlpm.ColGuia) ) ) ) ) ) )} -> 16977 | M2: =Guias!$B$3 -> 46310 | N2: =ROUNDUP((Main[[#This Row],[Cost]]*Main[[#This Row],[Import Duties]]),2) -> 0.12 | O2: 0 | P2: 1 | Q2: 0 | R2: =ROUNDUP(Main[[#This Row],[Transport2]]/Main[[#This Row],[Cantidad_Min]],2) -> 0.31 | S2: =_xlfn.XLOOKUP(Main[[#This Row],[Type of Box]], Cajas[Nombre], Cajas[Largo]) -> 105 | T2: =_xlfn.XLOOKUP(Main[[#This Row],[Type of Box]], Cajas[Nombre], Cajas[Ancho]) -> 17 | U2: =_xlfn.XLOOKUP(Main[[#This Row],[Type of Box]], Cajas[Nombre], Cajas[Alto]) -> 17 | V2: =IF(Main[[#This Row],[Type of Box]]="", "", IF(OR(Main[[#This Row],[Type of Box]]="QB", Main[[#This Row],[Type of Box]]="EB", Main[[#This Row],[Type of Box]]="HB", Main[[#This Row],[Type of Box]]="QB2", Main[[#This Row],[Type of Box]]="EB2", Main[[#This Row],[Type of Box]]="SB"), (Main[[#This Row],[Largo2]]*Main[[#This Row],[Ancho]]*Main[[#This Row],[Alto]])/6000, ((Main[[#This Row],[Largo2]]+Sheet1!$U$2)*(Main[[#This Row],[Ancho]]+Sheet1!$U$2)*(Main[[#This Row],[Alto]]+Sheet1!$U$2))/6000)) -> 5.0575 | W2: =ROUNDUP(((Main[[#This Row],[Volumen]]*5.25))*1.36,2) -> 36.12 | X2: 0.1586 | Y2: =Main[[#This Row],[Cantidad_Min]]*Main[[#This Row],[Precio]]*Main[[#This Row],[Qty]] -> 608.4 | Z2: =_xlfn.XLOOKUP(Main[[#This Row],[Finca]], Fincas[Nombre], Fincas[ID]) -> 53 | AA2: {=_xlfn.LET( _xlpm.txt, Main[[#This Row],[Standing Orders]], _xlpm.q2num, IFERROR(VALUE(Guias!$M$2), ""), _xlpm.q2txt, UPPER(Guias!$M$2), _xlpm.weekIsOdd, IF(_xlpm.q2num<>"", MOD(_xlpm.q2num,2)=1, IF(ISNUMBER(FIND("IMPAR", _xlpm.q2txt)), TRUE, IF(ISNUMBER(FIND("PAR", _xlpm.q2txt)), FALSE, TRUE))), _xlpm.parts, IF(TRIM(_xlpm.txt)="", "", _xlfn.TOCOL(_xlfn.TEXTSPLIT(SUBSTITUTE(_xlpm.txt, CHAR(160), " "), ";"), 1)), _xlpm.build, IF(_xlfn.VALUETOTEXT(_xlpm.parts)="", "", _xlfn.MAP(_xlpm.parts, _xlfn.LAMBDA(_xlpm.r, _xlfn.LET( _xlpm.s, TRIM(_xlpm.r), _xlpm.s_upper, UPPER(_xlpm.s), _xlpm.p_marker, IF(ISNUMBER(FIND("(*IMPAR)", _xlpm.s_upper)), "impar", IF(ISNUMBER(FIND("(*PAR)", _xlpm.s_upper)), "par", "")), _xlpm.allow, IF(_xlpm.p_marker="", TRUE, IF(_xlpm.p_marker="impar", _xlpm.weekIsOdd, NOT(_xlpm.weekIsOdd))), IF(NOT(_xlpm.allow), "", _xlfn.LET( _xlpm.num, IFERROR(VALUE(LEFT(_xlpm.s, FIND(" ", _xlpm.s & " ")-1)), 0), _xlpm.rawname, TRIM(IFERROR(_xlfn.TEXTAFTER(_xlpm.s, " "), "")), _xlpm.name_pre, IFERROR(_xlfn.TEXTBEFORE(_xlpm.rawname, "["), _xlpm.rawname), _xlpm.name, TRIM(IFERROR(_xlfn.TEXTBEFORE(_xlpm.name_pre, "("), _xlpm.name_pre)), _xlpm.id, _xlfn.XLOOKUP(_xlpm.name, Vendedores[Fragmento], Vendedores[ID], ""), IF(OR(_xlpm.id="", _xlpm.num<=0), "", LEFT(REPT(_xlpm.id & ",", _xlpm.num), LEN(REPT(_xlpm.id & ",", _xlpm.num)) - 1)) ) ) ) ))), _xlpm.resultado, _xlfn.TEXTJOIN(",", TRUE, _xlpm.build), IF(_xlpm.resultado="", "", _xlpm.resultado & ",") )} | AB2: Y
A3: Agrocoex | B3: 2 | C3: QB | D3: 120 | E3: 120 | F3: Larkspur | G3: ="Assorted Colors " & _xlfn.XLOOKUP(Main[[#This Row],[FechaEntrega]], Guias[Fecha], Guias[Llegada]) -> Assorted Colors (T/W) | H3: PO107155 | I3: 0.4 | J3: =_xlfn.LET( _xlpm.result, 1-((Main[[#This Row],[Cost]]+Main[[#This Row],[Duties]]+Main[[#This Row],[Transport]])/((Main[[#This Row],[Precio]]*0.96))), IF(_xlpm.result<0, "BAJO", IF(_xlpm.result>1, "ALTO", _xlpm.result)) ) -> 0.26805556 | K3: 1.4516129 | L3: {=_xlfn.LET( _xlpm.DiaSemana, WEEKDAY(Main[[#This Row],[FechaEntrega]], 2), _xlpm.CajaEcuador, OR(Main[[#This Row],[Type of Box]]="QB", Main[[#This Row],[Type of Box]]="EB", Main[[#This Row],[Type of Box]]="HB", Main[[#This Row],[Type of Box]]="SB"), _xlpm.CajaColombia, OR(Main[[#This Row],[Type of Box]]="QB2", Main[[#This Row],[Type of Box]]="EB2"), _xlpm.EsTF, ISNUMBER(SEARCH("T/F", Main[[#This Row],[Nombre]])), _xlpm.FincaCol, OR(Main[[#This Row],[Finca]]="Plazoleta", Main[[#This Row],[Finca]]="Flowers Party", Main[[#This Row],[Finca]]="HydranFlowers", Main[[#This Row],[Finca]]="Alexandra Farms", Main[[#This Row],[Finca]]="Circasia S.A.S.", Main[[#This Row],[Finca]]="Vuelven S.A.S.", Main[[#This Row],[Finca]]="Cultivos del Norte", Main[[#This Row],[Finca]]="La Conchita"), _xlpm.DiaGuia, _xlfn.IFS( AND(_xlpm.DiaSemana=1, _xlpm.CajaEcuador), "Lunes", AND(_xlpm.DiaSemana=1, _xlpm.CajaColombia), "Lunes", AND(_xlpm.DiaSemana=2, _xlpm.CajaEcuador), "Martes", AND(_xlpm.DiaSemana=2, _xlpm.CajaColombia), "Lunes", _xlpm.DiaSemana=3, "Miercoles", AND(_xlpm.DiaSemana=4, _xlpm.CajaEcuador), "Jueves", AND(_xlpm.DiaSemana=4, _xlpm.CajaColombia), "Miercoles", AND(_xlpm.DiaSemana=5, _xlpm.CajaEcuador), "Viernes", AND(_xlpm.DiaSemana=5, _xlpm.CajaColombia), "Jueves", AND(_xlpm.DiaSemana=6, _xlpm.CajaEcuador, _xlpm.EsTF), "Sabado B", AND(_xlpm.DiaSemana=6, _xlpm.CajaEcuador), "Viernes", AND(_xlpm.DiaSemana=6, _xlpm.CajaColombia), "Viernes", TRUE, "" ), _xlpm.ColGuia, _xlfn.IFS( _xlpm.DiaSemana=3, Guias[Ecuador], _xlpm.CajaColombia, Guias[Colombia], TRUE, Guias[Ecuador] ), _xlpm.VuelosError, IFERROR(_xlfn.XLOOKUP(_xlpm.DiaGuia, Guias[Día], Guias[Vuelos])="***Error de Fecha***", FALSE), _xlpm.SemanaIncorrecta, _xlfn.ISOWEEKNUM(Main[[#This Row],[FechaEntrega]]-2) <> Guias!$M$2, IF(_xlpm.SemanaIncorrecta, "ERROR S", IF(ISNA(MATCH(Main[[#This Row],[FechaEntrega]], Guias[Fecha], 0)), "ERROR F", IF(_xlfn.XOR(_xlpm.FincaCol, _xlpm.CajaColombia), "ERROR P", IF(_xlpm.DiaGuia="", "", IF(_xlpm.VuelosError, "ERROR V", _xlfn.XLOOKUP(_xlpm.DiaGuia, Guias[Día], _xlpm.ColGuia) ) ) ) ) ) )} -> 16977 | M3: =Guias!$B$3 -> 46310 | N3: =ROUNDUP((Main[[#This Row],[Cost]]*Main[[#This Row],[Import Duties]]),2) -> 0.07 | O3: 0 | P3: 1 | Q3: 0 | R3: =ROUNDUP(Main[[#This Row],[Transport2]]/Main[[#This Row],[Cantidad_Min]],2) -> 0.55 | S3: =_xlfn.XLOOKUP(Main[[#This Row],[Type of Box]], Cajas[Nombre], Cajas[Largo]) -> 99 | T3: =_xlfn.XLOOKUP(Main[[#This Row],[Type of Box]], Cajas[Nombre], Cajas[Ancho]) -> 35 | U3: =_xlfn.XLOOKUP(Main[[#This Row],[Type of Box]], Cajas[Nombre], Cajas[Alto]) -> 16 | V3: =IF(Main[[#This Row],[Type of Box]]="", "", IF(OR(Main[[#This Row],[Type of Box]]="QB", Main[[#This Row],[Type of Box]]="EB", Main[[#This Row],[Type of Box]]="HB", Main[[#This Row],[Type of Box]]="QB2", Main[[#This Row],[Type of Box]]="EB2", Main[[#This Row],[Type of Box]]="SB"), (Main[[#This Row],[Largo2]]*Main[[#This Row],[Ancho]]*Main[[#This Row],[Alto]])/6000, ((Main[[#This Row],[Largo2]]+Sheet1!$U$2)*(Main[[#This Row],[Ancho]]+Sheet1!$U$2)*(Main[[#This Row],[Alto]]+Sheet1!$U$2))/6000)) -> 9.24 | W3: =ROUNDUP(((Main[[#This Row],[Volumen]]*5.25))*1.36,2) -> 65.98 | X3: 0.1586 | Y3: =Main[[#This Row],[Cantidad_Min]]*Main[[#This Row],[Precio]]*Main[[#This Row],[Qty]] -> 348.3871 | Z3: =_xlfn.XLOOKUP(Main[[#This Row],[Finca]], Fincas[Nombre], Fincas[ID]) -> 49 | AA3: {=_xlfn.LET( _xlpm.txt, Main[[#This Row],[Standing Orders]], _xlpm.q2num, IFERROR(VALUE(Guias!$M$2), ""), _xlpm.q2txt, UPPER(Guias!$M$2), _xlpm.weekIsOdd, IF(_xlpm.q2num<>"", MOD(_xlpm.q2num,2)=1, IF(ISNUMBER(FIND("IMPAR", _xlpm.q2txt)), TRUE, IF(ISNUMBER(FIND("PAR", _xlpm.q2txt)), FALSE, TRUE))), _xlpm.parts, IF(TRIM(_xlpm.txt)="", "", _xlfn.TOCOL(_xlfn.TEXTSPLIT(SUBSTITUTE(_xlpm.txt, CHAR(160), " "), ";"), 1)), _xlpm.build, IF(_xlfn.VALUETOTEXT(_xlpm.parts)="", "", _xlfn.MAP(_xlpm.parts, _xlfn.LAMBDA(_xlpm.r, _xlfn.LET( _xlpm.s, TRIM(_xlpm.r), _xlpm.s_upper, UPPER(_xlpm.s), _xlpm.p_marker, IF(ISNUMBER(FIND("(*IMPAR)", _xlpm.s_upper)), "impar", IF(ISNUMBER(FIND("(*PAR)", _xlpm.s_upper)), "par", "")), _xlpm.allow, IF(_xlpm.p_marker="", TRUE, IF(_xlpm.p_marker="impar", _xlpm.weekIsOdd, NOT(_xlpm.weekIsOdd))), IF(NOT(_xlpm.allow), "", _xlfn.LET( _xlpm.num, IFERROR(VALUE(LEFT(_xlpm.s, FIND(" ", _xlpm.s & " ")-1)), 0), _xlpm.rawname, TRIM(IFERROR(_xlfn.TEXTAFTER(_xlpm.s, " "), "")), _xlpm.name_pre, IFERROR(_xlfn.TEXTBEFORE(_xlpm.rawname, "["), _xlpm.rawname), _xlpm.name, TRIM(IFERROR(_xlfn.TEXTBEFORE(_xlpm.name_pre, "("), _xlpm.name_pre)), _xlpm.id, _xlfn.XLOOKUP(_xlpm.name, Vendedores[Fragmento], Vendedores[ID], ""), IF(OR(_xlpm.id="", _xlpm.num<=0), "", LEFT(REPT(_xlpm.id & ",", _xlpm.num), LEN(REPT(_xlpm.id & ",", _xlpm.num)) - 1)) ) ) ) ))), _xlpm.resultado, _xlfn.TEXTJOIN(",", TRUE, _xlpm.build), IF(_xlpm.resultado="", "", _xlpm.resultado & ",") )} | AB3: Y
A4: Agrogana | B4: 1 | C4: EB | D4: 1 | E4: 1 | F4: Hannas Mix | G4: ="Ran. Pompon/Limonium/Statice/Freesia/Delph/Dianthus/Sp. Roses x 120 " & _xlfn.XLOOKUP(Main[[#This Row],[FechaEntrega]], Guias[Fecha], Guias[Llegada]) -> Ran. Pompon/Limonium/Statice/Freesia/Delph/Dianthus/Sp. Roses x 120 (T/W) | H4: PO107156 | I4: 46 | J4: =_xlfn.LET( _xlpm.result, 1-((Main[[#This Row],[Cost]]+Main[[#This Row],[Duties]]+Main[[#This Row],[Transport]])/((Main[[#This Row],[Precio]]*0.96))), IF(_xlpm.result<0, "BAJO", IF(_xlpm.result>1, "ALTO", _xlpm.result)) ) -> 0.28343432 | K4: 129.98925 | L4: {=_xlfn.LET( _xlpm.DiaSemana, WEEKDAY(Main[[#This Row],[FechaEntrega]], 2), _xlpm.CajaEcuador, OR(Main[[#This Row],[Type of Box]]="QB", Main[[#This Row],[Type of Box]]="EB", Main[[#This Row],[Type of Box]]="HB", Main[[#This Row],[Type of Box]]="SB"), _xlpm.CajaColombia, OR(Main[[#This Row],[Type of Box]]="QB2", Main[[#This Row],[Type of Box]]="EB2"), _xlpm.EsTF, ISNUMBER(SEARCH("T/F", Main[[#This Row],[Nombre]])), _xlpm.FincaCol, OR(Main[[#This Row],[Finca]]="Plazoleta", Main[[#This Row],[Finca]]="Flowers Party", Main[[#This Row],[Finca]]="HydranFlowers", Main[[#This Row],[Finca]]="Alexandra Farms", Main[[#This Row],[Finca]]="Circasia S.A.S.", Main[[#This Row],[Finca]]="Vuelven S.A.S.", Main[[#This Row],[Finca]]="Cultivos del Norte", Main[[#This Row],[Finca]]="La Conchita"), _xlpm.DiaGuia, _xlfn.IFS( AND(_xlpm.DiaSemana=1, _xlpm.CajaEcuador), "Lunes", AND(_xlpm.DiaSemana=1, _xlpm.CajaColombia), "Lunes", AND(_xlpm.DiaSemana=2, _xlpm.CajaEcuador), "Martes", AND(_xlpm.DiaSemana=2, _xlpm.CajaColombia), "Lunes", _xlpm.DiaSemana=3, "Miercoles", AND(_xlpm.DiaSemana=4, _xlpm.CajaEcuador), "Jueves", AND(_xlpm.DiaSemana=4, _xlpm.CajaColombia), "Miercoles", AND(_xlpm.DiaSemana=5, _xlpm.CajaEcuador), "Viernes", AND(_xlpm.DiaSemana=5, _xlpm.CajaColombia), "Jueves", AND(_xlpm.DiaSemana=6, _xlpm.CajaEcuador, _xlpm.EsTF), "Sabado B", AND(_xlpm.DiaSemana=6, _xlpm.CajaEcuador), "Viernes", AND(_xlpm.DiaSemana=6, _xlpm.CajaColombia), "Viernes", TRUE, "" ), _xlpm.ColGuia, _xlfn.IFS( _xlpm.DiaSemana=3, Guias[Ecuador], _xlpm.CajaColombia, Guias[Colombia], TRUE, Guias[Ecuador] ), _xlpm.VuelosError, IFERROR(_xlfn.XLOOKUP(_xlpm.DiaGuia, Guias[Día], Guias[Vuelos])="***Error de Fecha***", FALSE), _xlpm.SemanaIncorrecta, _xlfn.ISOWEEKNUM(Main[[#This Row],[FechaEntrega]]-2) <> Guias!$M$2, IF(_xlpm.SemanaIncorrecta, "ERROR S", IF(ISNA(MATCH(Main[[#This Row],[FechaEntrega]], Guias[Fecha], 0)), "ERROR F", IF(_xlfn.XOR(_xlpm.FincaCol, _xlpm.CajaColombia), "ERROR P", IF(_xlpm.DiaGuia="", "", IF(_xlpm.VuelosError, "ERROR V", _xlfn.XLOOKUP(_xlpm.DiaGuia, Guias[Día], _xlpm.ColGuia) ) ) ) ) ) )} -> 16977 | M4: =Guias!$B$3 -> 46310 | N4: =ROUNDUP((Main[[#This Row],[Cost]]*Main[[#This Row],[Import Duties]]),2) -> 7.3 | O4: 0 | P4: 1 | Q4: 0 | R4: =ROUNDUP(Main[[#This Row],[Transport2]]/Main[[#This Row],[Cantidad_Min]],2) -> 36.12 | S4: =_xlfn.XLOOKUP(Main[[#This Row],[Type of Box]], Cajas[Nombre], Cajas[Largo]) -> 105 | T4: =_xlfn.XLOOKUP(Main[[#This Row],[Type of Box]], Cajas[Nombre], Cajas[Ancho]) -> 17 | U4: =_xlfn.XLOOKUP(Main[[#This Row],[Type of Box]], Cajas[Nombre], Cajas[Alto]) -> 17 | V4: =IF(Main[[#This Row],[Type of Box]]="", "", IF(OR(Main[[#This Row],[Type of Box]]="QB", Main[[#This Row],[Type of Box]]="EB", Main[[#This Row],[Type of Box]]="HB", Main[[#This Row],[Type of Box]]="QB2", Main[[#This Row],[Type of Box]]="EB2", Main[[#This Row],[Type of Box]]="SB"), (Main[[#This Row],[Largo2]]*Main[[#This Row],[Ancho]]*Main[[#This Row],[Alto]])/6000, ((Main[[#This Row],[Largo2]]+Sheet1!$U$2)*(Main[[#This Row],[Ancho]]+Sheet1!$U$2)*(Main[[#This Row],[Alto]]+Sheet1!$U$2))/6000)) -> 5.0575 | W4: =ROUNDUP(((Main[[#This Row],[Volumen]]*5.25))*1.36,2) -> 36.12 | X4: 0.1586 | Y4: =Main[[#This Row],[Cantidad_Min]]*Main[[#This Row],[Precio]]*Main[[#This Row],[Qty]] -> 129.98925 | Z4: =_xlfn.XLOOKUP(Main[[#This Row],[Finca]], Fincas[Nombre], Fincas[ID]) -> 77 | AA4: {=_xlfn.LET( _xlpm.txt, Main[[#This Row],[Standing Orders]], _xlpm.q2num, IFERROR(VALUE(Guias!$M$2), ""), _xlpm.q2txt, UPPER(Guias!$M$2), _xlpm.weekIsOdd, IF(_xlpm.q2num<>"", MOD(_xlpm.q2num,2)=1, IF(ISNUMBER(FIND("IMPAR", _xlpm.q2txt)), TRUE, IF(ISNUMBER(FIND("PAR", _xlpm.q2txt)), FALSE, TRUE))), _xlpm.parts, IF(TRIM(_xlpm.txt)="", "", _xlfn.TOCOL(_xlfn.TEXTSPLIT(SUBSTITUTE(_xlpm.txt, CHAR(160), " "), ";"), 1)), _xlpm.build, IF(_xlfn.VALUETOTEXT(_xlpm.parts)="", "", _xlfn.MAP(_xlpm.parts, _xlfn.LAMBDA(_xlpm.r, _xlfn.LET( _xlpm.s, TRIM(_xlpm.r), _xlpm.s_upper, UPPER(_xlpm.s), _xlpm.p_marker, IF(ISNUMBER(FIND("(*IMPAR)", _xlpm.s_upper)), "impar", IF(ISNUMBER(FIND("(*PAR)", _xlpm.s_upper)), "par", "")), _xlpm.allow, IF(_xlpm.p_marker="", TRUE, IF(_xlpm.p_marker="impar", _xlpm.weekIsOdd, NOT(_xlpm.weekIsOdd))), IF(NOT(_xlpm.allow), "", _xlfn.LET( _xlpm.num, IFERROR(VALUE(LEFT(_xlpm.s, FIND(" ", _xlpm.s & " ")-1)), 0), _xlpm.rawname, TRIM(IFERROR(_xlfn.TEXTAFTER(_xlpm.s, " "), "")), _xlpm.name_pre, IFERROR(_xlfn.TEXTBEFORE(_xlpm.rawname, "["), _xlpm.rawname), _xlpm.name, TRIM(IFERROR(_xlfn.TEXTBEFORE(_xlpm.name_pre, "("), _xlpm.name_pre)), _xlpm.id, _xlfn.XLOOKUP(_xlpm.name, Vendedores[Fragmento], Vendedores[ID], ""), IF(OR(_xlpm.id="", _xlpm.num<=0), "", LEFT(REPT(_xlpm.id & ",", _xlpm.num), LEN(REPT(_xlpm.id & ",", _xlpm.num)) - 1)) ) ) ) ))), _xlpm.resultado, _xlfn.TEXTJOIN(",", TRUE, _xlpm.build), IF(_xlpm.resultado="", "", _xlpm.resultado & ",") )} -> fparamo, | AB4: Y | AC4: Natalias Mix | AD4: 1 Fausto [Florist in the Garden WA]
A5: Agrogana | B5: 2 | C5: EB | D5: 1 | E5: 1 | F5: Hannas Mix | G5: ="Ran. Pompon/Limonium/Statice/Freesia/Delph/Dianthus/Sp. Roses x 120 " & _xlfn.XLOOKUP(Main[[#This Row],[FechaEntrega]], Guias[Fecha], Guias[Llegada]) -> Ran. Pompon/Limonium/Statice/Freesia/Delph/Dianthus/Sp. Roses x 120 (T/W) | H5: PO107157 | I5: 46 | J5: =_xlfn.LET( _xlpm.result, 1-((Main[[#This Row],[Cost]]+Main[[#This Row],[Duties]]+Main[[#This Row],[Transport]])/((Main[[#This Row],[Precio]]*0.96))), IF(_xlpm.result<0, "BAJO", IF(_xlpm.result>1, "ALTO", _xlpm.result)) ) -> 0.28343432 | K5: 129.98925 | L5: {=_xlfn.LET( _xlpm.DiaSemana, WEEKDAY(Main[[#This Row],[FechaEntrega]], 2), _xlpm.CajaEcuador, OR(Main[[#This Row],[Type of Box]]="QB", Main[[#This Row],[Type of Box]]="EB", Main[[#This Row],[Type of Box]]="HB", Main[[#This Row],[Type of Box]]="SB"), _xlpm.CajaColombia, OR(Main[[#This Row],[Type of Box]]="QB2", Main[[#This Row],[Type of Box]]="EB2"), _xlpm.EsTF, ISNUMBER(SEARCH("T/F", Main[[#This Row],[Nombre]])), _xlpm.FincaCol, OR(Main[[#This Row],[Finca]]="Plazoleta", Main[[#This Row],[Finca]]="Flowers Party", Main[[#This Row],[Finca]]="HydranFlowers", Main[[#This Row],[Finca]]="Alexandra Farms", Main[[#This Row],[Finca]]="Circasia S.A.S.", Main[[#This Row],[Finca]]="Vuelven S.A.S.", Main[[#This Row],[Finca]]="Cultivos del Norte", Main[[#This Row],[Finca]]="La Conchita"), _xlpm.DiaGuia, _xlfn.IFS( AND(_xlpm.DiaSemana=1, _xlpm.CajaEcuador), "Lunes", AND(_xlpm.DiaSemana=1, _xlpm.CajaColombia), "Lunes", AND(_xlpm.DiaSemana=2, _xlpm.CajaEcuador), "Martes", AND(_xlpm.DiaSemana=2, _xlpm.CajaColombia), "Lunes", _xlpm.DiaSemana=3, "Miercoles", AND(_xlpm.DiaSemana=4, _xlpm.CajaEcuador), "Jueves", AND(_xlpm.DiaSemana=4, _xlpm.CajaColombia), "Miercoles", AND(_xlpm.DiaSemana=5, _xlpm.CajaEcuador), "Viernes", AND(_xlpm.DiaSemana=5, _xlpm.CajaColombia), "Jueves", AND(_xlpm.DiaSemana=6, _xlpm.CajaEcuador, _xlpm.EsTF), "Sabado B", AND(_xlpm.DiaSemana=6, _xlpm.CajaEcuador), "Viernes", AND(_xlpm.DiaSemana=6, _xlpm.CajaColombia), "Viernes", TRUE, "" ), _xlpm.ColGuia, _xlfn.IFS( _xlpm.DiaSemana=3, Guias[Ecuador], _xlpm.CajaColombia, Guias[Colombia], TRUE, Guias[Ecuador] ), _xlpm.VuelosError, IFERROR(_xlfn.XLOOKUP(_xlpm.DiaGuia, Guias[Día], Guias[Vuelos])="***Error de Fecha***", FALSE), _xlpm.SemanaIncorrecta, _xlfn.ISOWEEKNUM(Main[[#This Row],[FechaEntrega]]-2) <> Guias!$M$2, IF(_xlpm.SemanaIncorrecta, "ERROR S", IF(ISNA(MATCH(Main[[#This Row],[FechaEntrega]], Guias[Fecha], 0)), "ERROR F", IF(_xlfn.XOR(_xlpm.FincaCol, _xlpm.CajaColombia), "ERROR P", IF(_xlpm.DiaGuia="", "", IF(_xlpm.VuelosError, "ERROR V", _xlfn.XLOOKUP(_xlpm.DiaGuia, Guias[Día], _xlpm.ColGuia) ) ) ) ) ) )} -> 16977 | M5: =Guias!$B$3 -> 46310 | N5: =ROUNDUP((Main[[#This Row],[Cost]]*Main[[#This Row],[Import Duties]]),2) -> 7.3 | O5: 0 | P5: 1 | Q5: 0 | R5: =ROUNDUP(Main[[#This Row],[Transport2]]/Main[[#This Row],[Cantidad_Min]],2) -> 36.12 | S5: =_xlfn.XLOOKUP(Main[[#This Row],[Type of Box]], Cajas[Nombre], Cajas[Largo]) -> 105 | T5: =_xlfn.XLOOKUP(Main[[#This Row],[Type of Box]], Cajas[Nombre], Cajas[Ancho]) -> 17 | U5: =_xlfn.XLOOKUP(Main[[#This Row],[Type of Box]], Cajas[Nombre], Cajas[Alto]) -> 17 | V5: =IF(Main[[#This Row],[Type of Box]]="", "", IF(OR(Main[[#This Row],[Type of Box]]="QB", Main[[#This Row],[Type of Box]]="EB", Main[[#This Row],[Type of Box]]="HB", Main[[#This Row],[Type of Box]]="QB2", Main[[#This Row],[Type of Box]]="EB2", Main[[#This Row],[Type of Box]]="SB"), (Main[[#This Row],[Largo2]]*Main[[#This Row],[Ancho]]*Main[[#This Row],[Alto]])/6000, ((Main[[#This Row],[Largo2]]+Sheet1!$U$2)*(Main[[#This Row],[Ancho]]+Sheet1!$U$2)*(Main[[#This Row],[Alto]]+Sheet1!$U$2))/6000)) -> 5.0575 | W5: =ROUNDUP(((Main[[#This Row],[Volumen]]*5.25))*1.36,2) -> 36.12 | X5: 0.1586 | Y5: =Main[[#This Row],[Cantidad_Min]]*Main[[#This Row],[Precio]]*Main[[#This Row],[Qty]] -> 259.97849 | Z5: =_xlfn.XLOOKUP(Main[[#This Row],[Finca]], Fincas[Nombre], Fincas[ID]) -> 77 | AA5: {=_xlfn.LET( _xlpm.txt, Main[[#This Row],[Standing Orders]], _xlpm.q2num, IFERROR(VALUE(Guias!$M$2), ""), _xlpm.q2txt, UPPER(Guias!$M$2), _xlpm.weekIsOdd, IF(_xlpm.q2num<>"", MOD(_xlpm.q2num,2)=1, IF(ISNUMBER(FIND("IMPAR", _xlpm.q2txt)), TRUE, IF(ISNUMBER(FIND("PAR", _xlpm.q2txt)), FALSE, TRUE))), _xlpm.parts, IF(TRIM(_xlpm.txt)="", "", _xlfn.TOCOL(_xlfn.TEXTSPLIT(SUBSTITUTE(_xlpm.txt, CHAR(160), " "), ";"), 1)), _xlpm.build, IF(_xlfn.VALUETOTEXT(_xlpm.parts)="", "", _xlfn.MAP(_xlpm.parts, _xlfn.LAMBDA(_xlpm.r, _xlfn.LET( _xlpm.s, TRIM(_xlpm.r), _xlpm.s_upper, UPPER(_xlpm.s), _xlpm.p_marker, IF(ISNUMBER(FIND("(*IMPAR)", _xlpm.s_upper)), "impar", IF(ISNUMBER(FIND("(*PAR)", _xlpm.s_upper)), "par", "")), _xlpm.allow, IF(_xlpm.p_marker="", TRUE, IF(_xlpm.p_marker="impar", _xlpm.weekIsOdd, NOT(_xlpm.weekIsOdd))), IF(NOT(_xlpm.allow), "", _xlfn.LET( _xlpm.num, IFERROR(VALUE(LEFT(_xlpm.s, FIND(" ", _xlpm.s & " ")-1)), 0), _xlpm.rawname, TRIM(IFERROR(_xlfn.TEXTAFTER(_xlpm.s, " "), "")), _xlpm.name_pre, IFERROR(_xlfn.TEXTBEFORE(_xlpm.rawname, "["), _xlpm.rawname), _xlpm.name, TRIM(IFERROR(_xlfn.TEXTBEFORE(_xlpm.name_pre, "("), _xlpm.name_pre)), _xlpm.id, _xlfn.XLOOKUP(_xlpm.name, Vendedores[Fragmento], Vendedores[ID], ""), IF(OR(_xlpm.id="", _xlpm.num<=0), "", LEFT(REPT(_xlpm.id & ",", _xlpm.num), LEN(REPT(_xlpm.id & ",", _xlpm.num)) - 1)) ) ) ) ))), _xlpm.resultado, _xlfn.TEXTJOIN(",", TRUE, _xlpm.build), IF(_xlpm.resultado="", "", _xlpm.resultado & ",") )} | AB5: Y | AC5: Natalias Mix
A6: Agrogana | B6: 2 | C6: EB | D6: 1 | E6: 1 | F6: Royal Mix | G6: ="Sweet Pea/Gerbs/Satice/Anemones/Ranunc/Delph/Veronicas/Limonium x 120 " & _xlfn.XLOOKUP(Main[[#This Row],[FechaEntrega]], Guias[Fecha], Guias[Llegada]) -> Sweet Pea/Gerbs/Satice/Anemones/Ranunc/Delph/Veronicas/Limonium x 120 (T/W) | H6: PO107158 | I6: 53.3 | J6: =_xlfn.LET( _xlpm.result, 1-((Main[[#This Row],[Cost]]+Main[[#This Row],[Duties]]+Main[[#This Row],[Transport]])/((Main[[#This Row],[Precio]]*0.96))), IF(_xlpm.result<0, "BAJO", IF(_xlpm.result>1, "ALTO", _xlpm.result)) ) -> 0.32023246 | K6: 149.99 | L6: {=_xlfn.LET( _xlpm.DiaSemana, WEEKDAY(Main[[#This Row],[FechaEntrega]], 2), _xlpm.CajaEcuador, OR(Main[[#This Row],[Type of Box]]="QB", Main[[#This Row],[Type of Box]]="EB", Main[[#This Row],[Type of Box]]="HB", Main[[#This Row],[Type of Box]]="SB"), _xlpm.CajaColombia, OR(Main[[#This Row],[Type of Box]]="QB2", Main[[#This Row],[Type of Box]]="EB2"), _xlpm.EsTF, ISNUMBER(SEARCH("T/F", Main[[#This Row],[Nombre]])), _xlpm.FincaCol, OR(Main[[#This Row],[Finca]]="Plazoleta", Main[[#This Row],[Finca]]="Flowers Party", Main[[#This Row],[Finca]]="HydranFlowers", Main[[#This Row],[Finca]]="Alexandra Farms", Main[[#This Row],[Finca]]="Circasia S.A.S.", Main[[#This Row],[Finca]]="Vuelven S.A.S.", Main[[#This Row],[Finca]]="Cultivos del Norte", Main[[#This Row],[Finca]]="La Conchita"), _xlpm.DiaGuia, _xlfn.IFS( AND(_xlpm.DiaSemana=1, _xlpm.CajaEcuador), "Lunes", AND(_xlpm.DiaSemana=1, _xlpm.CajaColombia), "Lunes", AND(_xlpm.DiaSemana=2, _xlpm.CajaEcuador), "Martes", AND(_xlpm.DiaSemana=2, _xlpm.CajaColombia), "Lunes", _xlpm.DiaSemana=3, "Miercoles", AND(_xlpm.DiaSemana=4, _xlpm.CajaEcuador), "Jueves", AND(_xlpm.DiaSemana=4, _xlpm.CajaColombia), "Miercoles", AND(_xlpm.DiaSemana=5, _xlpm.CajaEcuador), "Viernes", AND(_xlpm.DiaSemana=5, _xlpm.CajaColombia), "Jueves", AND(_xlpm.DiaSemana=6, _xlpm.CajaEcuador, _xlpm.EsTF), "Sabado B", AND(_xlpm.DiaSemana=6, _xlpm.CajaEcuador), "Viernes", AND(_xlpm.DiaSemana=6, _xlpm.CajaColombia), "Viernes", TRUE, "" ), _xlpm.ColGuia, _xlfn.IFS( _xlpm.DiaSemana=3, Guias[Ecuador], _xlpm.CajaColombia, Guias[Colombia], TRUE, Guias[Ecuador] ), _xlpm.VuelosError, IFERROR(_xlfn.XLOOKUP(_xlpm.DiaGuia, Guias[Día], Guias[Vuelos])="***Error de Fecha***", FALSE), _xlpm.SemanaIncorrecta, _xlfn.ISOWEEKNUM(Main[[#This Row],[FechaEntrega]]-2) <> Guias!$M$2, IF(_xlpm.SemanaIncorrecta, "ERROR S", IF(ISNA(MATCH(Main[[#This Row],[FechaEntrega]], Guias[Fecha], 0)), "ERROR F", IF(_xlfn.XOR(_xlpm.FincaCol, _xlpm.CajaColombia), "ERROR P", IF(_xlpm.DiaGuia="", "", IF(_xlpm.VuelosError, "ERROR V", _xlfn.XLOOKUP(_xlpm.DiaGuia, Guias[Día], _xlpm.ColGuia) ) ) ) ) ) )} -> 16977 | M6: =Guias!$B$3 -> 46310 | N6: =ROUNDUP((Main[[#This Row],[Cost]]*Main[[#This Row],[Import Duties]]),2) -> 8.46 | O6: 0 | P6: 1 | Q6: 0 | R6: =ROUNDUP(Main[[#This Row],[Transport2]]/Main[[#This Row],[Cantidad_Min]],2) -> 36.12 | S6: =_xlfn.XLOOKUP(Main[[#This Row],[Type of Box]], Cajas[Nombre], Cajas[Largo]) -> 105 | T6: =_xlfn.XLOOKUP(Main[[#This Row],[Type of Box]], Cajas[Nombre], Cajas[Ancho]) -> 17 | U6: =_xlfn.XLOOKUP(Main[[#This Row],[Type of Box]], Cajas[Nombre], Cajas[Alto]) -> 17 | V6: =IF(Main[[#This Row],[Type of Box]]="", "", IF(OR(Main[[#This Row],[Type of Box]]="QB", Main[[#This Row],[Type of Box]]="EB", Main[[#This Row],[Type of Box]]="HB", Main[[#This Row],[Type of Box]]="QB2", Main[[#This Row],[Type of Box]]="EB2", Main[[#This Row],[Type of Box]]="SB"), (Main[[#This Row],[Largo2]]*Main[[#This Row],[Ancho]]*Main[[#This Row],[Alto]])/6000, ((Main[[#This Row],[Largo2]]+Sheet1!$U$2)*(Main[[#This Row],[Ancho]]+Sheet1!$U$2)*(Main[[#This Row],[Alto]]+Sheet1!$U$2))/6000)) -> 5.0575 | W6: =ROUNDUP(((Main[[#This Row],[Volumen]]*5.25))*1.36,2) -> 36.12 | X6: 0.1586 | Y6: =Main[[#This Row],[Cantidad_Min]]*Main[[#This Row],[Precio]]*Main[[#This Row],[Qty]] -> 299.98 | Z6: =_xlfn.XLOOKUP(Main[[#This Row],[Finca]], Fincas[Nombre], Fincas[ID]) -> 77 | AA6: {=_xlfn.LET( _xlpm.txt, Main[[#This Row],[Standing Orders]], _xlpm.q2num, IFERROR(VALUE(Guias!$M$2), ""), _xlpm.q2txt, UPPER(Guias!$M$2), _xlpm.weekIsOdd, IF(_xlpm.q2num<>"", MOD(_xlpm.q2num,2)=1, IF(ISNUMBER(FIND("IMPAR", _xlpm.q2txt)), TRUE, IF(ISNUMBER(FIND("PAR", _xlpm.q2txt)), FALSE, TRUE))), _xlpm.parts, IF(TRIM(_xlpm.txt)="", "", _xlfn.TOCOL(_xlfn.TEXTSPLIT(SUBSTITUTE(_xlpm.txt, CHAR(160), " "), ";"), 1)), _xlpm.build, IF(_xlfn.VALUETOTEXT(_xlpm.parts)="", "", _xlfn.MAP(_xlpm.parts, _xlfn.LAMBDA(_xlpm.r, _xlfn.LET( _xlpm.s, TRIM(_xlpm.r), _xlpm.s_upper, UPPER(_xlpm.s), _xlpm.p_marker, IF(ISNUMBER(FIND("(*IMPAR)", _xlpm.s_upper)), "impar", IF(ISNUMBER(FIND("(*PAR)", _xlpm.s_upper)), "par", "")), _xlpm.allow, IF(_xlpm.p_marker="", TRUE, IF(_xlpm.p_marker="impar", _xlpm.weekIsOdd, NOT(_xlpm.weekIsOdd))), IF(NOT(_xlpm.allow), "", _xlfn.LET( _xlpm.num, IFERROR(VALUE(LEFT(_xlpm.s, FIND(" ", _xlpm.s & " ")-1)), 0), _xlpm.rawname, TRIM(IFERROR(_xlfn.TEXTAFTER(_xlpm.s, " "), "")), _xlpm.name_pre, IFERROR(_xlfn.TEXTBEFORE(_xlpm.rawname, "["), _xlpm.rawname), _xlpm.name, TRIM(IFERROR(_xlfn.TEXTBEFORE(_xlpm.name_pre, "("), _xlpm.name_pre)), _xlpm.id, _xlfn.XLOOKUP(_xlpm.name, Vendedores[Fragmento], Vendedores[ID], ""), IF(OR(_xlpm.id="", _xlpm.num<=0), "", LEFT(REPT(_xlpm.id & ",", _xlpm.num), LEN(REPT(_xlpm.id & ",", _xlpm.num)) - 1)) ) ) ) ))), _xlpm.resultado, _xlfn.TEXTJOIN(",", TRUE, _xlpm.build), IF(_xlpm.resultado="", "", _xlpm.resultado & ",") )} | AB6: Y | AC6: Summer Vibes
A7: Agrogana | B7: 1 | C7: EB | D7: 1 | E7: 1 | F7: Florist Mix | G7: ="20 Scoop/20 Freesias/20 Rumex/20 Campanullas/20 Veronicas/20 Marigold x 120 " & _xlfn.XLOOKUP(Main[[#This Row],[FechaEntrega]], Guias[Fecha], Guias[Llegada]) -> 20 Scoop/20 Freesias/20 Rumex/20 Campanullas/20 Veronicas/20 Marigold x 120 (T/W) | H7: PO107159 | I7: 63 | J7: =_xlfn.LET( _xlpm.result, 1-((Main[[#This Row],[Cost]]+Main[[#This Row],[Duties]]+Main[[#This Row],[Transport]])/((Main[[#This Row],[Precio]]*0.96))), IF(_xlpm.result<0, "BAJO", IF(_xlpm.result>1, "ALTO", _xlpm.result)) ) -> 0.28953893 | K7: 159.99 | L7: {=_xlfn.LET( _xlpm.DiaSemana, WEEKDAY(Main[[#This Row],[FechaEntrega]], 2), _xlpm.CajaEcuador, OR(Main[[#This Row],[Type of Box]]="QB", Main[[#This Row],[Type of Box]]="EB", Main[[#This Row],[Type of Box]]="HB", Main[[#This Row],[Type of Box]]="SB"), _xlpm.CajaColombia, OR(Main[[#This Row],[Type of Box]]="QB2", Main[[#This Row],[Type of Box]]="EB2"), _xlpm.EsTF, ISNUMBER(SEARCH("T/F", Main[[#This Row],[Nombre]])), _xlpm.FincaCol, OR(Main[[#This Row],[Finca]]="Plazoleta", Main[[#This Row],[Finca]]="Flowers Party", Main[[#This Row],[Finca]]="HydranFlowers", Main[[#This Row],[Finca]]="Alexandra Farms", Main[[#This Row],[Finca]]="Circasia S.A.S.", Main[[#This Row],[Finca]]="Vuelven S.A.S.", Main[[#This Row],[Finca]]="Cultivos del Norte", Main[[#This Row],[Finca]]="La Conchita"), _xlpm.DiaGuia, _xlfn.IFS( AND(_xlpm.DiaSemana=1, _xlpm.CajaEcuador), "Lunes", AND(_xlpm.DiaSemana=1, _xlpm.CajaColombia), "Lunes", AND(_xlpm.DiaSemana=2, _xlpm.CajaEcuador), "Martes", AND(_xlpm.DiaSemana=2, _xlpm.CajaColombia), "Lunes", _xlpm.DiaSemana=3, "Miercoles", AND(_xlpm.DiaSemana=4, _xlpm.CajaEcuador), "Jueves", AND(_xlpm.DiaSemana=4, _xlpm.CajaColombia), "Miercoles", AND(_xlpm.DiaSemana=5, _xlpm.CajaEcuador), "Viernes", AND(_xlpm.DiaSemana=5, _xlpm.CajaColombia), "Jueves", AND(_xlpm.DiaSemana=6, _xlpm.CajaEcuador, _xlpm.EsTF), "Sabado B", AND(_xlpm.DiaSemana=6, _xlpm.CajaEcuador), "Viernes", AND(_xlpm.DiaSemana=6, _xlpm.CajaColombia), "Viernes", TRUE, "" ), _xlpm.ColGuia, _xlfn.IFS( _xlpm.DiaSemana=3, Guias[Ecuador], _xlpm.CajaColombia, Guias[Colombia], TRUE, Guias[Ecuador] ), _xlpm.VuelosError, IFERROR(_xlfn.XLOOKUP(_xlpm.DiaGuia, Guias[Día], Guias[Vuelos])="***Error de Fecha***", FALSE), _xlpm.SemanaIncorrecta, _xlfn.ISOWEEKNUM(Main[[#This Row],[FechaEntrega]]-2) <> Guias!$M$2, IF(_xlpm.SemanaIncorrecta, "ERROR S", IF(ISNA(MATCH(Main[[#This Row],[FechaEntrega]], Guias[Fecha], 0)), "ERROR F", IF(_xlfn.XOR(_xlpm.FincaCol, _xlpm.CajaColombia), "ERROR P", IF(_xlpm.DiaGuia="", "", IF(_xlpm.VuelosError, "ERROR V", _xlfn.XLOOKUP(_xlpm.DiaGuia, Guias[Día], _xlpm.ColGuia) ) ) ) ) ) )} -> 16977 | M7: =Guias!$B$3 -> 46310 | N7: =ROUNDUP((Main[[#This Row],[Cost]]*Main[[#This Row],[Import Duties]]),2) -> 10 | O7: 0 | P7: 1 | Q7: 0 | R7: =ROUNDUP(Main[[#This Row],[Transport2]]/Main[[#This Row],[Cantidad_Min]],2) -> 36.12 | S7: =_xlfn.XLOOKUP(Main[[#This Row],[Type of Box]], Cajas[Nombre], Cajas[Largo]) -> 105 | T7: =_xlfn.XLOOKUP(Main[[#This Row],[Type of Box]], Cajas[Nombre], Cajas[Ancho]) -> 17 | U7: =_xlfn.XLOOKUP(Main[[#This Row],[Type of Box]], Cajas[Nombre], Cajas[Alto]) -> 17 | V7: =IF(Main[[#This Row],[Type of Box]]="", "", IF(OR(Main[[#This Row],[Type of Box]]="QB", Main[[#This Row],[Type of Box]]="EB", Main[[#This Row],[Type of Box]]="HB", Main[[#This Row],[Type of Box]]="QB2", Main[[#This Row],[Type of Box]]="EB2", Main[[#This Row],[Type of Box]]="SB"), (Main[[#This Row],[Largo2]]*Main[[#This Row],[Ancho]]*Main[[#This Row],[Alto]])/6000, ((Main[[#This Row],[Largo2]]+Sheet1!$U$2)*(Main[[#This Row],[Ancho]]+Sheet1!$U$2)*(Main[[#This Row],[Alto]]+Sheet1!$U$2))/6000)) -> 5.0575 | W7: =ROUNDUP(((Main[[#This Row],[Volumen]]*5.25))*1.36,2) -> 36.12 | X7: 0.1586 | Y7: =Main[[#This Row],[Cantidad_Min]]*Main[[#This Row],[Precio]]*Main[[#This Row],[Qty]] -> 159.99 | Z7: =_xlfn.XLOOKUP(Main[[#This Row],[Finca]], Fincas[Nombre], Fincas[ID]) -> 77 | AA7: {=_xlfn.LET( _xlpm.txt, Main[[#This Row],[Standing Orders]], _xlpm.q2num, IFERROR(VALUE(Guias!$M$2), ""), _xlpm.q2txt, UPPER(Guias!$M$2), _xlpm.weekIsOdd, IF(_xlpm.q2num<>"", MOD(_xlpm.q2num,2)=1, IF(ISNUMBER(FIND("IMPAR", _xlpm.q2txt)), TRUE, IF(ISNUMBER(FIND("PAR", _xlpm.q2txt)), FALSE, TRUE))), _xlpm.parts, IF(TRIM(_xlpm.txt)="", "", _xlfn.TOCOL(_xlfn.TEXTSPLIT(SUBSTITUTE(_xlpm.txt, CHAR(160), " "), ";"), 1)), _xlpm.build, IF(_xlfn.VALUETOTEXT(_xlpm.parts)="", "", _xlfn.MAP(_xlpm.parts, _xlfn.LAMBDA(_xlpm.r, _xlfn.LET( _xlpm.s, TRIM(_xlpm.r), _xlpm.s_upper, UPPER(_xlpm.s), _xlpm.p_marker, IF(ISNUMBER(FIND("(*IMPAR)", _xlpm.s_upper)), "impar", IF(ISNUMBER(FIND("(*PAR)", _xlpm.s_upper)), "par", "")), _xlpm.allow, IF(_xlpm.p_marker="", TRUE, IF(_xlpm.p_marker="impar", _xlpm.weekIsOdd, NOT(_xlpm.weekIsOdd))), IF(NOT(_xlpm.allow), "", _xlfn.LET( _xlpm.num, IFERROR(VALUE(LEFT(_xlpm.s, FIND(" ", _xlpm.s & " ")-1)), 0), _xlpm.rawname, TRIM(IFERROR(_xlfn.TEXTAFTER(_xlpm.s, " "), "")), _xlpm.name_pre, IFERROR(_xlfn.TEXTBEFORE(_xlpm.rawname, "["), _xlpm.rawname), _xlpm.name, TRIM(IFERROR(_xlfn.TEXTBEFORE(_xlpm.name_pre, "("), _xlpm.name_pre)), _xlpm.id, _xlfn.XLOOKUP(_xlpm.name, Vendedores[Fragmento], Vendedores[ID], ""), IF(OR(_xlpm.id="", _xlpm.num<=0), "", LEFT(REPT(_xlpm.id & ",", _xlpm.num), LEN(REPT(_xlpm.id & ",", _xlpm.num)) - 1)) ) ) ) ))), _xlpm.resultado, _xlfn.TEXTJOIN(",", TRUE, _xlpm.build), IF(_xlpm.resultado="", "", _xlpm.resultado & ",") )} | AB7: Y
A8: Agroprim | B8: 1 | C8: EB | D8: 35 | E8: 35 | F8: Sunflower Select | G8: ="Vincents Choice " & _xlfn.XLOOKUP(Main[[#This Row],[FechaEntrega]], Guias[Fecha], Guias[Llegada]) -> Vincents Choice (W/T) | H8: PO107160 | I8: 0.3 | J8: =_xlfn.LET( _xlpm.result, 1-((Main[[#This Row],[Cost]]+Main[[#This Row],[Duties]]+Main[[#This Row],[Transport]])/((Main[[#This Row],[Precio]]*0.96))), IF(_xlpm.result<0, "BAJO", IF(_xlpm.result>1, "ALTO", _xlpm.result)) ) -> 0.17261905 | K8: 1.75 | L8: {=_xlfn.LET( _xlpm.DiaSemana, WEEKDAY(Main[[#This Row],[FechaEntrega]], 2), _xlpm.CajaEcuador, OR(Main[[#This Row],[Type of Box]]="QB", Main[[#This Row],[Type of Box]]="EB", Main[[#This Row],[Type of Box]]="HB", Main[[#This Row],[Type of Box]]="SB"), _xlpm.CajaColombia, OR(Main[[#This Row],[Type of Box]]="QB2", Main[[#This Row],[Type of Box]]="EB2"), _xlpm.EsTF, ISNUMBER(SEARCH("T/F", Main[[#This Row],[Nombre]])), _xlpm.FincaCol, OR(Main[[#This Row],[Finca]]="Plazoleta", Main[[#This Row],[Finca]]="Flowers Party", Main[[#This Row],[Finca]]="HydranFlowers", Main[[#This Row],[Finca]]="Alexandra Farms", Main[[#This Row],[Finca]]="Circasia S.A.S.", Main[[#This Row],[Finca]]="Vuelven S.A.S.", Main[[#This Row],[Finca]]="Cultivos del Norte", Main[[#This Row],[Finca]]="La Conchita"), _xlpm.DiaGuia, _xlfn.IFS( AND(_xlpm.DiaSemana=1, _xlpm.CajaEcuador), "Lunes", AND(_xlpm.DiaSemana=1, _xlpm.CajaColombia), "Lunes", AND(_xlpm.DiaSemana=2, _xlpm.CajaEcuador), "Martes", AND(_xlpm.DiaSemana=2, _xlpm.CajaColombia), "Lunes", _xlpm.DiaSemana=3, "Miercoles", AND(_xlpm.DiaSemana=4, _xlpm.CajaEcuador), "Jueves", AND(_xlpm.DiaSemana=4, _xlpm.CajaColombia), "Miercoles", AND(_xlpm.DiaSemana=5, _xlpm.CajaEcuador), "Viernes", AND(_xlpm.DiaSemana=5, _xlpm.CajaColombia), "Jueves", AND(_xlpm.DiaSemana=6, _xlpm.CajaEcuador, _xlpm.EsTF), "Sabado B", AND(_xlpm.DiaSemana=6, _xlpm.CajaEcuador), "Viernes", AND(_xlpm.DiaSemana=6, _xlpm.CajaColombia), "Viernes", TRUE, "" ), _xlpm.ColGuia, _xlfn.IFS( _xlpm.DiaSemana=3, Guias[Ecuador], _xlpm.CajaColombia, Guias[Colombia], TRUE, Guias[Ecuador] ), _xlpm.VuelosError, IFERROR(_xlfn.XLOOKUP(_xlpm.DiaGuia, Guias[Día], Guias[Vuelos])="***Error de Fecha***", FALSE), _xlpm.SemanaIncorrecta, _xlfn.ISOWEEKNUM(Main[[#This Row],[FechaEntrega]]-2) <> Guias!$M$2, IF(_xlpm.SemanaIncorrecta, "ERROR S", IF(ISNA(MATCH(Main[[#This Row],[FechaEntrega]], Guias[Fecha], 0)), "ERROR F", IF(_xlfn.XOR(_xlpm.FincaCol, _xlpm.CajaColombia), "ERROR P", IF(_xlpm.DiaGuia="", "", IF(_xlpm.VuelosError, "ERROR V", _xlfn.XLOOKUP(_xlpm.DiaGuia, Guias[Día], _xlpm.ColGuia) ) ) ) ) ) )} -> 16979 | M8: =Guias!$B$4 -> 46311 | N8: =ROUNDUP((Main[[#This Row],[Cost]]*Main[[#This Row],[Import Duties]]),2) -> 0.05 | O8: 0 | P8: 1 | Q8: 0 | R8: =ROUNDUP(Main[[#This Row],[Transport2]]/Main[[#This Row],[Cantidad_Min]],2) -> 1.04 | S8: =_xlfn.XLOOKUP(Main[[#This Row],[Type of Box]], Cajas[Nombre], Cajas[Largo]) -> 105 | T8: =_xlfn.XLOOKUP(Main[[#This Row],[Type of Box]], Cajas[Nombre], Cajas[Ancho]) -> 17 | U8: =_xlfn.XLOOKUP(Main[[#This Row],[Type of Box]], Cajas[Nombre], Cajas[Alto]) -> 17 | V8: =IF(Main[[#This Row],[Type of Box]]="", "", IF(OR(Main[[#This Row],[Type of Box]]="QB", Main[[#This Row],[Type of Box]]="EB", Main[[#This Row],[Type of Box]]="HB", Main[[#This Row],[Type of Box]]="QB2", Main[[#This Row],[Type of Box]]="EB2", Main[[#This Row],[Type of Box]]="SB"), (Main[[#This Row],[Largo2]]*Main[[#This Row],[Ancho]]*Main[[#This Row],[Alto]])/6000, ((Main[[#This Row],[Largo2]]+Sheet1!$U$2)*(Main[[#This Row],[Ancho]]+Sheet1!$U$2)*(Main[[#This Row],[Alto]]+Sheet1!$U$2))/6000)) -> 5.0575 | W8: =ROUNDUP(((Main[[#This Row],[Volumen]]*5.25))*1.36,2) -> 36.12 | X8: 0.1586 | Y8: =Main[[#This Row],[Cantidad_Min]]*Main[[#This Row],[Precio]]*Main[[#This Row],[Qty]] -> 61.25 | Z8: =_xlfn.XLOOKUP(Main[[#This Row],[Finca]], Fincas[Nombre], Fincas[ID]) -> 6 | AA8: {=_xlfn.LET( _xlpm.txt, Main[[#This Row],[Standing Orders]], _xlpm.q2num, IFERROR(VALUE(Guias!$M$2), ""), _xlpm.q2txt, UPPER(Guias!$M$2), _xlpm.weekIsOdd, IF(_xlpm.q2num<>"", MOD(_xlpm.q2num,2)=1, IF(ISNUMBER(FIND("IMPAR", _xlpm.q2txt)), TRUE, IF(ISNUMBER(FIND("PAR", _xlpm.q2txt)), FALSE, TRUE))), _xlpm.parts, IF(TRIM(_xlpm.txt)="", "", _xlfn.TOCOL(_xlfn.TEXTSPLIT(SUBSTITUTE(_xlpm.txt, CHAR(160), " "), ";"), 1)), _xlpm.build, IF(_xlfn.VALUETOTEXT(_xlpm.parts)="", "", _xlfn.MAP(_xlpm.parts, _xlfn.LAMBDA(_xlpm.r, _xlfn.LET( _xlpm.s, TRIM(_xlpm.r), _xlpm.s_upper, UPPER(_xlpm.s), _xlpm.p_marker, IF(ISNUMBER(FIND("(*IMPAR)", _xlpm.s_upper)), "impar", IF(ISNUMBER(FIND("(*PAR)", _xlpm.s_upper)), "par", "")), _xlpm.allow, IF(_xlpm.p_marker="", TRUE, IF(_xlpm.p_marker="impar", _xlpm.weekIsOdd, NOT(_xlpm.weekIsOdd))), IF(NOT(_xlpm.allow), "", _xlfn.LET( _xlpm.num, IFERROR(VALUE(LEFT(_xlpm.s, FIND(" ", _xlpm.s & " ")-1)), 0), _xlpm.rawname, TRIM(IFERROR(_xlfn.TEXTAFTER(_xlpm.s, " "), "")), _xlpm.name_pre, IFERROR(_xlfn.TEXTBEFORE(_xlpm.rawname, "["), _xlpm.rawname), _xlpm.name, TRIM(IFERROR(_xlfn.TEXTBEFORE(_xlpm.name_pre, "("), _xlpm.name_pre)), _xlpm.id, _xlfn.XLOOKUP(_xlpm.name, Vendedores[Fragmento], Vendedores[ID], ""), IF(OR(_xlpm.id="", _xlpm.num<=0), "", LEFT(REPT(_xlpm.id & ",", _xlpm.num), LEN(REPT(_xlpm.id & ",", _xlpm.num)) - 1)) ) ) ) ))), _xlpm.resultado, _xlfn.TEXTJOIN(",", TRUE, _xlpm.build), IF(_xlpm.resultado="", "", _xlpm.resultado & ",") )} -> rbaquero, | AB8: Y | AD8: 1 Ralph [Flowers by Zsuzsana]
A9: Agroprim | B9: 1 | C9: QB | D9: 65 | E9: 65 | F9: Sunflower Select | G9: ="Vincents Choice " & _xlfn.XLOOKUP(Main[[#This Row],[FechaEntrega]], Guias[Fecha], Guias[Llegada]) -> Vincents Choice (W/T) | H9: PO107161 | I9: 0.3 | J9: =_xlfn.LET( _xlpm.result, 1-((Main[[#This Row],[Cost]]+Main[[#This Row],[Duties]]+Main[[#This Row],[Transport]])/((Main[[#This Row],[Precio]]*0.96))), IF(_xlpm.result<0, "BAJO", IF(_xlpm.result>1, "ALTO", _xlpm.result)) ) -> 0.18452381 | K9: 1.75 | L9: {=_xlfn.LET( _xlpm.DiaSemana, WEEKDAY(Main[[#This Row],[FechaEntrega]], 2), _xlpm.CajaEcuador, OR(Main[[#This Row],[Type of Box]]="QB", Main[[#This Row],[Type of Box]]="EB", Main[[#This Row],[Type of Box]]="HB", Main[[#This Row],[Type of Box]]="SB"), _xlpm.CajaColombia, OR(Main[[#This Row],[Type of Box]]="QB2", Main[[#This Row],[Type of Box]]="EB2"), _xlpm.EsTF, ISNUMBER(SEARCH("T/F", Main[[#This Row],[Nombre]])), _xlpm.FincaCol, OR(Main[[#This Row],[Finca]]="Plazoleta", Main[[#This Row],[Finca]]="Flowers Party", Main[[#This Row],[Finca]]="HydranFlowers", Main[[#This Row],[Finca]]="Alexandra Farms", Main[[#This Row],[Finca]]="Circasia S.A.S.", Main[[#This Row],[Finca]]="Vuelven S.A.S.", Main[[#This Row],[Finca]]="Cultivos del Norte", Main[[#This Row],[Finca]]="La Conchita"), _xlpm.DiaGuia, _xlfn.IFS( AND(_xlpm.DiaSemana=1, _xlpm.CajaEcuador), "Lunes", AND(_xlpm.DiaSemana=1, _xlpm.CajaColombia), "Lunes", AND(_xlpm.DiaSemana=2, _xlpm.CajaEcuador), "Martes", AND(_xlpm.DiaSemana=2, _xlpm.CajaColombia), "Lunes", _xlpm.DiaSemana=3, "Miercoles", AND(_xlpm.DiaSemana=4, _xlpm.CajaEcuador), "Jueves", AND(_xlpm.DiaSemana=4, _xlpm.CajaColombia), "Miercoles", AND(_xlpm.DiaSemana=5, _xlpm.CajaEcuador), "Viernes", AND(_xlpm.DiaSemana=5, _xlpm.CajaColombia), "Jueves", AND(_xlpm.DiaSemana=6, _xlpm.CajaEcuador, _xlpm.EsTF), "Sabado B", AND(_xlpm.DiaSemana=6, _xlpm.CajaEcuador), "Viernes", AND(_xlpm.DiaSemana=6, _xlpm.CajaColombia), "Viernes", TRUE, "" ), _xlpm.ColGuia, _xlfn.IFS( _xlpm.DiaSemana=3, Guias[Ecuador], _xlpm.CajaColombia, Guias[Colombia], TRUE, Guias[Ecuador] ), _xlpm.VuelosError, IFERROR(_xlfn.XLOOKUP(_xlpm.DiaGuia, Guias[Día], Guias[Vuelos])="***Error de Fecha***", FALSE), _xlpm.SemanaIncorrecta, _xlfn.ISOWEEKNUM(Main[[#This Row],[FechaEntrega]]-2) <> Guias!$M$2, IF(_xlpm.SemanaIncorrecta, "ERROR S", IF(ISNA(MATCH(Main[[#This Row],[FechaEntrega]], Guias[Fecha], 0)), "ERROR F", IF(_xlfn.XOR(_xlpm.FincaCol, _xlpm.CajaColombia), "ERROR P", IF(_xlpm.DiaGuia="", "", IF(_xlpm.VuelosError, "ERROR V", _xlfn.XLOOKUP(_xlpm.DiaGuia, Guias[Día], _xlpm.ColGuia) ) ) ) ) ) )} -> 16979 | M9: =Guias!$B$4 -> 46311 | N9: =ROUNDUP((Main[[#This Row],[Cost]]*Main[[#This Row],[Import Duties]]),2) -> 0.05 | O9: 0 | P9: 1 | Q9: 0 | R9: =ROUNDUP(Main[[#This Row],[Transport2]]/Main[[#This Row],[Cantidad_Min]],2) -> 1.02 | S9: =_xlfn.XLOOKUP(Main[[#This Row],[Type of Box]], Cajas[Nombre], Cajas[Largo]) -> 99 | T9: =_xlfn.XLOOKUP(Main[[#This Row],[Type of Box]], Cajas[Nombre], Cajas[Ancho]) -> 35 | U9: =_xlfn.XLOOKUP(Main[[#This Row],[Type of Box]], Cajas[Nombre], Cajas[Alto]) -> 16 | V9: =IF(Main[[#This Row],[Type of Box]]="", "", IF(OR(Main[[#This Row],[Type of Box]]="QB", Main[[#This Row],[Type of Box]]="EB", Main[[#This Row],[Type of Box]]="HB", Main[[#This Row],[Type of Box]]="QB2", Main[[#This Row],[Type of Box]]="EB2", Main[[#This Row],[Type of Box]]="SB"), (Main[[#This Row],[Largo2]]*Main[[#This Row],[Ancho]]*Main[[#This Row],[Alto]])/6000, ((Main[[#This Row],[Largo2]]+Sheet1!$U$2)*(Main[[#This Row],[Ancho]]+Sheet1!$U$2)*(Main[[#This Row],[Alto]]+Sheet1!$U$2))/6000)) -> 9.24 | W9: =ROUNDUP(((Main[[#This Row],[Volumen]]*5.25))*1.36,2) -> 65.98 | X9: 0.1586 | Y9: =Main[[#This Row],[Cantidad_Min]]*Main[[#This Row],[Precio]]*Main[[#This Row],[Qty]] -> 113.75 | Z9: =_xlfn.XLOOKUP(Main[[#This Row],[Finca]], Fincas[Nombre], Fincas[ID]) -> 6 | AA9: {=_xlfn.LET( _xlpm.txt, Main[[#This Row],[Standing Orders]], _xlpm.q2num, IFERROR(VALUE(Guias!$M$2), ""), _xlpm.q2txt, UPPER(Guias!$M$2), _xlpm.weekIsOdd, IF(_xlpm.q2num<>"", MOD(_xlpm.q2num,2)=1, IF(ISNUMBER(FIND("IMPAR", _xlpm.q2txt)), TRUE, IF(ISNUMBER(FIND("PAR", _xlpm.q2txt)), FALSE, TRUE))), _xlpm.parts, IF(TRIM(_xlpm.txt)="", "", _xlfn.TOCOL(_xlfn.TEXTSPLIT(SUBSTITUTE(_xlpm.txt, CHAR(160), " "), ";"), 1)), _xlpm.build, IF(_xlfn.VALUETOTEXT(_xlpm.parts)="", "", _xlfn.MAP(_xlpm.parts, _xlfn.LAMBDA(_xlpm.r, _xlfn.LET( _xlpm.s, TRIM(_xlpm.r), _xlpm.s_upper, UPPER(_xlpm.s), _xlpm.p_marker, IF(ISNUMBER(FIND("(*IMPAR)", _xlpm.s_upper)), "impar", IF(ISNUMBER(FIND("(*PAR)", _xlpm.s_upper)), "par", "")), _xlpm.allow, IF(_xlpm.p_marker="", TRUE, IF(_xlpm.p_marker="impar", _xlpm.weekIsOdd, NOT(_xlpm.weekIsOdd))), IF(NOT(_xlpm.allow), "", _xlfn.LET( _xlpm.num, IFERROR(VALUE(LEFT(_xlpm.s, FIND(" ", _xlpm.s & " ")-1)), 0), _xlpm.rawname, TRIM(IFERROR(_xlfn.TEXTAFTER(_xlpm.s, " "), "")), _xlpm.name_pre, IFERROR(_xlfn.TEXTBEFORE(_xlpm.rawname, "["), _xlpm.rawname), _xlpm.name, TRIM(IFERROR(_xlfn.TEXTBEFORE(_xlpm.name_pre, "("), _xlpm.name_pre)), _xlpm.id, _xlfn.XLOOKUP(_xlpm.name, Vendedores[Fragmento], Vendedores[ID], ""), IF(OR(_xlpm.id="", _xlpm.num<=0), "", LEFT(REPT(_xlpm.id & ",", _xlpm.num), LEN(REPT(_xlpm.id & ",", _xlpm.num)) - 1)) ) ) ) ))), _xlpm.resultado, _xlfn.TEXTJOIN(",", TRUE, _xlpm.build), IF(_xlpm.resultado="", "", _xlpm.resultado & ",") )} -> pbodley, | AB9: Y | AD9: 1 Paul []
A10: Betel Flowers | B10: 1 | C10: EB | D10: 50 | E10: 50 | F10: Pin Cushion 30/35cm | G10: ="Assorted Colors " & _xlfn.XLOOKUP(Main[[#This Row],[FechaEntrega]], Guias[Fecha], Guias[Llegada]) -> Assorted Colors (W/T) | H10: PO107162 | I10: 0.4 | J10: =_xlfn.LET( _xlpm.result, 1-((Main[[#This Row],[Cost]]+Main[[#This Row],[Duties]]+Main[[#This Row],[Transport]])/((Main[[#This Row],[Precio]]*0.96))), IF(_xlpm.result<0, "BAJO", IF(_xlpm.result>1, "ALTO", _xlpm.result)) ) -> 0.25955414 | K10: 1.688172 | L10: {=_xlfn.LET( _xlpm.DiaSemana, WEEKDAY(Main[[#This Row],[FechaEntrega]], 2), _xlpm.CajaEcuador, OR(Main[[#This Row],[Type of Box]]="QB", Main[[#This Row],[Type of Box]]="EB", Main[[#This Row],[Type of Box]]="HB", Main[[#This Row],[Type of Box]]="SB"), _xlpm.CajaColombia, OR(Main[[#This Row],[Type of Box]]="QB2", Main[[#This Row],[Type of Box]]="EB2"), _xlpm.EsTF, ISNUMBER(SEARCH("T/F", Main[[#This Row],[Nombre]])), _xlpm.FincaCol, OR(Main[[#This Row],[Finca]]="Plazoleta", Main[[#This Row],[Finca]]="Flowers Party", Main[[#This Row],[Finca]]="HydranFlowers", Main[[#This Row],[Finca]]="Alexandra Farms", Main[[#This Row],[Finca]]="Circasia S.A.S.", Main[[#This Row],[Finca]]="Vuelven S.A.S.", Main[[#This Row],[Finca]]="Cultivos del Norte", Main[[#This Row],[Finca]]="La Conchita"), _xlpm.DiaGuia, _xlfn.IFS( AND(_xlpm.DiaSemana=1, _xlpm.CajaEcuador), "Lunes", AND(_xlpm.DiaSemana=1, _xlpm.CajaColombia), "Lunes", AND(_xlpm.DiaSemana=2, _xlpm.CajaEcuador), "Martes", AND(_xlpm.DiaSemana=2, _xlpm.CajaColombia), "Lunes", _xlpm.DiaSemana=3, "Miercoles", AND(_xlpm.DiaSemana=4, _xlpm.CajaEcuador), "Jueves", AND(_xlpm.DiaSemana=4, _xlpm.CajaColombia), "Miercoles", AND(_xlpm.DiaSemana=5, _xlpm.CajaEcuador), "Viernes", AND(_xlpm.DiaSemana=5, _xlpm.CajaColombia), "Jueves", AND(_xlpm.DiaSemana=6, _xlpm.CajaEcuador, _xlpm.EsTF), "Sabado B", AND(_xlpm.DiaSemana=6, _xlpm.CajaEcuador), "Viernes", AND(_xlpm.DiaSemana=6, _xlpm.CajaColombia), "Viernes", TRUE, "" ), _xlpm.ColGuia, _xlfn.IFS( _xlpm.DiaSemana=3, Guias[Ecuador], _xlpm.CajaColombia, Guias[Colombia], TRUE, Guias[Ecuador] ), _xlpm.VuelosError, IFERROR(_xlfn.XLOOKUP(_xlpm.DiaGuia, Guias[Día], Guias[Vuelos])="***Error de Fecha***", FALSE), _xlpm.SemanaIncorrecta, _xlfn.ISOWEEKNUM(Main[[#This Row],[FechaEntrega]]-2) <> Guias!$M$2, IF(_xlpm.SemanaIncorrecta, "ERROR S", IF(ISNA(MATCH(Main[[#This Row],[FechaEntrega]], Guias[Fecha], 0)), "ERROR F", IF(_xlfn.XOR(_xlpm.FincaCol, _xlpm.CajaColombia), "ERROR P", IF(_xlpm.DiaGuia="", "", IF(_xlpm.VuelosError, "ERROR V", _xlfn.XLOOKUP(_xlpm.DiaGuia, Guias[Día], _xlpm.ColGuia) ) ) ) ) ) )} -> 16979 | M10: =Guias!$B$4 -> 46311 | N10: =ROUNDUP((Main[[#This Row],[Cost]]*Main[[#This Row],[Import Duties]]),2) -> 0.07 | O10: 0 | P10: 1 | Q10: 0 | R10: =ROUNDUP(Main[[#This Row],[Transport2]]/Main[[#This Row],[Cantidad_Min]],2) -> 0.73 | S10: =_xlfn.XLOOKUP(Main[[#This Row],[Type of Box]], Cajas[Nombre], Cajas[Largo]) -> 105 | T10: =_xlfn.XLOOKUP(Main[[#This Row],[Type of Box]], Cajas[Nombre], Cajas[Ancho]) -> 17 | U10: =_xlfn.XLOOKUP(Main[[#This Row],[Type of Box]], Cajas[Nombre], Cajas[Alto]) -> 17 | V10: =IF(Main[[#This Row],[Type of Box]]="", "", IF(OR(Main[[#This Row],[Type of Box]]="QB", Main[[#This Row],[Type of Box]]="EB", Main[[#This Row],[Type of Box]]="HB", Main[[#This Row],[Type of Box]]="QB2", Main[[#This Row],[Type of Box]]="EB2", Main[[#This Row],[Type of Box]]="SB"), (Main[[#This Row],[Largo2]]*Main[[#This Row],[Ancho]]*Main[[#This Row],[Alto]])/6000, ((Main[[#This Row],[Largo2]]+Sheet1!$U$2)*(Main[[#This Row],[Ancho]]+Sheet1!$U$2)*(Main[[#This Row],[Alto]]+Sheet1!$U$2))/6000)) -> 5.0575 | W10: =ROUNDUP(((Main[[#This Row],[Volumen]]*5.25))*1.36,2) -> 36.12 | X10: 0.1586 | Y10: =Main[[#This Row],[Cantidad_Min]]*Main[[#This Row],[Precio]]*Main[[#This Row],[Qty]] -> 84.408602 | Z10: =_xlfn.XLOOKUP(Main[[#This Row],[Finca]], Fincas[Nombre], Fincas[ID]) -> 51 | AA10: {=_xlfn.LET( _xlpm.txt, Main[[#This Row],[Standing Orders]], _xlpm.q2num, IFERROR(VALUE(Guias!$M$2), ""), _xlpm.q2txt, UPPER(Guias!$M$2), _xlpm.weekIsOdd, IF(_xlpm.q2num<>"", MOD(_xlpm.q2num,2)=1, IF(ISNUMBER(FIND("IMPAR", _xlpm.q2txt)), TRUE, IF(ISNUMBER(FIND("PAR", _xlpm.q2txt)), FALSE, TRUE))), _xlpm.parts, IF(TRIM(_xlpm.txt)="", "", _xlfn.TOCOL(_xlfn.TEXTSPLIT(SUBSTITUTE(_xlpm.txt, CHAR(160), " "), ";"), 1)), _xlpm.build, IF(_xlfn.VALUETOTEXT(_xlpm.parts)="", "", _xlfn.MAP(_xlpm.parts, _xlfn.LAMBDA(_xlpm.r, _xlfn.LET( _xlpm.s, TRIM(_xlpm.r), _xlpm.s_upper, UPPER(_xlpm.s), _xlpm.p_marker, IF(ISNUMBER(FIND("(*IMPAR)", _xlpm.s_upper)), "impar", IF(ISNUMBER(FIND("(*PAR)", _xlpm.s_upper)), "par", "")), _xlpm.allow, IF(_xlpm.p_marker="", TRUE, IF(_xlpm.p_marker="impar", _xlpm.weekIsOdd, NOT(_xlpm.weekIsOdd))), IF(NOT(_xlpm.allow), "", _xlfn.LET( _xlpm.num, IFERROR(VALUE(LEFT(_xlpm.s, FIND(" ", _xlpm.s & " ")-1)), 0), _xlpm.rawname, TRIM(IFERROR(_xlfn.TEXTAFTER(_xlpm.s, " "), "")), _xlpm.name_pre, IFERROR(_xlfn.TEXTBEFORE(_xlpm.rawname, "["), _xlpm.rawname), _xlpm.name, TRIM(IFERROR(_xlfn.TEXTBEFORE(_xlpm.name_pre, "("), _xlpm.name_pre)), _xlpm.id, _xlfn.XLOOKUP(_xlpm.name, Vendedores[Fragmento], Vendedores[ID], ""), IF(OR(_xlpm.id="", _xlpm.num<=0), "", LEFT(REPT(_xlpm.id & ",", _xlpm.num), LEN(REPT(_xlpm.id & ",", _xlpm.num)) - 1)) ) ) ) ))), _xlpm.resultado, _xlfn.TEXTJOIN(",", TRUE, _xlpm.build), IF(_xlpm.resultado="", "", _xlpm.resultado & ",") )} -> rbaquero, | AB10: Y | AD10: 1 Ralph (*Par) [Wine & Blooms]
A11: Betel Flowers | B11: 1 | C11: EB | D11: 50 | E11: 50 | F11: Pin Cushion 30/35cm | G11: ="Assorted Colors " & _xlfn.XLOOKUP(Main[[#This Row],[FechaEntrega]], Guias[Fecha], Guias[Llegada]) -> Assorted Colors (W/T) | H11: PO107163 | I11: 0.4 | J11: =_xlfn.LET( _xlpm.result, 1-((Main[[#This Row],[Cost]]+Main[[#This Row],[Duties]]+Main[[#This Row],[Transport]])/((Main[[#This Row],[Precio]]*0.96))), IF(_xlpm.result<0, "BAJO", IF(_xlpm.result>1, "ALTO", _xlpm.result)) ) -> 0.25955414 | K11: 1.688172 | L11: {=_xlfn.LET( _xlpm.DiaSemana, WEEKDAY(Main[[#This Row],[FechaEntrega]], 2), _xlpm.CajaEcuador, OR(Main[[#This Row],[Type of Box]]="QB", Main[[#This Row],[Type of Box]]="EB", Main[[#This Row],[Type of Box]]="HB", Main[[#This Row],[Type of Box]]="SB"), _xlpm.CajaColombia, OR(Main[[#This Row],[Type of Box]]="QB2", Main[[#This Row],[Type of Box]]="EB2"), _xlpm.EsTF, ISNUMBER(SEARCH("T/F", Main[[#This Row],[Nombre]])), _xlpm.FincaCol, OR(Main[[#This Row],[Finca]]="Plazoleta", Main[[#This Row],[Finca]]="Flowers Party", Main[[#This Row],[Finca]]="HydranFlowers", Main[[#This Row],[Finca]]="Alexandra Farms", Main[[#This Row],[Finca]]="Circasia S.A.S.", Main[[#This Row],[Finca]]="Vuelven S.A.S.", Main[[#This Row],[Finca]]="Cultivos del Norte", Main[[#This Row],[Finca]]="La Conchita"), _xlpm.DiaGuia, _xlfn.IFS( AND(_xlpm.DiaSemana=1, _xlpm.CajaEcuador), "Lunes", AND(_xlpm.DiaSemana=1, _xlpm.CajaColombia), "Lunes", AND(_xlpm.DiaSemana=2, _xlpm.CajaEcuador), "Martes", AND(_xlpm.DiaSemana=2, _xlpm.CajaColombia), "Lunes", _xlpm.DiaSemana=3, "Miercoles", AND(_xlpm.DiaSemana=4, _xlpm.CajaEcuador), "Jueves", AND(_xlpm.DiaSemana=4, _xlpm.CajaColombia), "Miercoles", AND(_xlpm.DiaSemana=5, _xlpm.CajaEcuador), "Viernes", AND(_xlpm.DiaSemana=5, _xlpm.CajaColombia), "Jueves", AND(_xlpm.DiaSemana=6, _xlpm.CajaEcuador, _xlpm.EsTF), "Sabado B", AND(_xlpm.DiaSemana=6, _xlpm.CajaEcuador), "Viernes", AND(_xlpm.DiaSemana=6, _xlpm.CajaColombia), "Viernes", TRUE, "" ), _xlpm.ColGuia, _xlfn.IFS( _xlpm.DiaSemana=3, Guias[Ecuador], _xlpm.CajaColombia, Guias[Colombia], TRUE, Guias[Ecuador] ), _xlpm.VuelosError, IFERROR(_xlfn.XLOOKUP(_xlpm.DiaGuia, Guias[Día], Guias[Vuelos])="***Error de Fecha***", FALSE), _xlpm.SemanaIncorrecta, _xlfn.ISOWEEKNUM(Main[[#This Row],[FechaEntrega]]-2) <> Guias!$M$2, IF(_xlpm.SemanaIncorrecta, "ERROR S", IF(ISNA(MATCH(Main[[#This Row],[FechaEntrega]], Guias[Fecha], 0)), "ERROR F", IF(_xlfn.XOR(_xlpm.FincaCol, _xlpm.CajaColombia), "ERROR P", IF(_xlpm.DiaGuia="", "", IF(_xlpm.VuelosError, "ERROR V", _xlfn.XLOOKUP(_xlpm.DiaGuia, Guias[Día], _xlpm.ColGuia) ) ) ) ) ) )} -> 16979 | M11: =Guias!$B$4 -> 46311 | N11: =ROUNDUP((Main[[#This Row],[Cost]]*Main[[#This Row],[Import Duties]]),2) -> 0.07 | O11: 0 | P11: 1 | Q11: 0 | R11: =ROUNDUP(Main[[#This Row],[Transport2]]/Main[[#This Row],[Cantidad_Min]],2) -> 0.73 | S11: =_xlfn.XLOOKUP(Main[[#This Row],[Type of Box]], Cajas[Nombre], Cajas[Largo]) -> 105 | T11: =_xlfn.XLOOKUP(Main[[#This Row],[Type of Box]], Cajas[Nombre], Cajas[Ancho]) -> 17 | U11: =_xlfn.XLOOKUP(Main[[#This Row],[Type of Box]], Cajas[Nombre], Cajas[Alto]) -> 17 | V11: =IF(Main[[#This Row],[Type of Box]]="", "", IF(OR(Main[[#This Row],[Type of Box]]="QB", Main[[#This Row],[Type of Box]]="EB", Main[[#This Row],[Type of Box]]="HB", Main[[#This Row],[Type of Box]]="QB2", Main[[#This Row],[Type of Box]]="EB2", Main[[#This Row],[Type of Box]]="SB"), (Main[[#This Row],[Largo2]]*Main[[#This Row],[Ancho]]*Main[[#This Row],[Alto]])/6000, ((Main[[#This Row],[Largo2]]+Sheet1!$U$2)*(Main[[#This Row],[Ancho]]+Sheet1!$U$2)*(Main[[#This Row],[Alto]]+Sheet1!$U$2))/6000)) -> 5.0575 | W11: =ROUNDUP(((Main[[#This Row],[Volumen]]*5.25))*1.36,2) -> 36.12 | X11: 0.1586 | Y11: =Main[[#This Row],[Cantidad_Min]]*Main[[#This Row],[Precio]]*Main[[#This Row],[Qty]] -> 84.408602 | Z11: =_xlfn.XLOOKUP(Main[[#This Row],[Finca]], Fincas[Nombre], Fincas[ID]) -> 51 | AA11: {=_xlfn.LET( _xlpm.txt, Main[[#This Row],[Standing Orders]], _xlpm.q2num, IFERROR(VALUE(Guias!$M$2), ""), _xlpm.q2txt, UPPER(Guias!$M$2), _xlpm.weekIsOdd, IF(_xlpm.q2num<>"", MOD(_xlpm.q2num,2)=1, IF(ISNUMBER(FIND("IMPAR", _xlpm.q2txt)), TRUE, IF(ISNUMBER(FIND("PAR", _xlpm.q2txt)), FALSE, TRUE))), _xlpm.parts, IF(TRIM(_xlpm.txt)="", "", _xlfn.TOCOL(_xlfn.TEXTSPLIT(SUBSTITUTE(_xlpm.txt, CHAR(160), " "), ";"), 1)), _xlpm.build, IF(_xlfn.VALUETOTEXT(_xlpm.parts)="", "", _xlfn.MAP(_xlpm.parts, _xlfn.LAMBDA(_xlpm.r, _xlfn.LET( _xlpm.s, TRIM(_xlpm.r), _xlpm.s_upper, UPPER(_xlpm.s), _xlpm.p_marker, IF(ISNUMBER(FIND("(*IMPAR)", _xlpm.s_upper)), "impar", IF(ISNUMBER(FIND("(*PAR)", _xlpm.s_upper)), "par", "")), _xlpm.allow, IF(_xlpm.p_marker="", TRUE, IF(_xlpm.p_marker="impar", _xlpm.weekIsOdd, NOT(_xlpm.weekIsOdd))), IF(NOT(_xlpm.allow), "", _xlfn.LET( _xlpm.num, IFERROR(VALUE(LEFT(_xlpm.s, FIND(" ", _xlpm.s & " ")-1)), 0), _xlpm.rawname, TRIM(IFERROR(_xlfn.TEXTAFTER(_xlpm.s, " "), "")), _xlpm.name_pre, IFERROR(_xlfn.TEXTBEFORE(_xlpm.rawname, "["), _xlpm.rawname), _xlpm.name, TRIM(IFERROR(_xlfn.TEXTBEFORE(_xlpm.name_pre, "("), _xlpm.name_pre)), _xlpm.id, _xlfn.XLOOKUP(_xlpm.name, Vendedores[Fragmento], Vendedores[ID], ""), IF(OR(_xlpm.id="", _xlpm.num<=0), "", LEFT(REPT(_xlpm.id & ",", _xlpm.num), LEN(REPT(_xlpm.id & ",", _xlpm.num)) - 1)) ) ) ) ))), _xlpm.resultado, _xlfn.TEXTJOIN(",", TRUE, _xlpm.build), IF(_xlpm.resultado="", "", _xlpm.resultado & ",") )} | AB11: Y
A12: Campos de Aroma | B12: 5 | C12: EB | D12: 40 | E12: 40 | F12: Sunflower Select | G12: Vincents Choice (T/F) | H12: PO107164 | I12: 0.29 | J12: =_xlfn.LET( _xlpm.result, 1-((Main[[#This Row],[Cost]]+Main[[#This Row],[Duties]]+Main[[#This Row],[Transport]])/((Main[[#This Row],[Precio]]*0.96))), IF(_xlpm.result<0, "BAJO", IF(_xlpm.result>1, "ALTO", _xlpm.result)) ) -> 0.22953649 | K12: 1.69 | L12: {=_xlfn.LET( _xlpm.DiaSemana, WEEKDAY(Main[[#This Row],[FechaEntrega]], 2), _xlpm.CajaEcuador, OR(Main[[#This Row],[Type of Box]]="QB", Main[[#This Row],[Type of Box]]="EB", Main[[#This Row],[Type of Box]]="HB", Main[[#This Row],[Type of Box]]="SB"), _xlpm.CajaColombia, OR(Main[[#This Row],[Type of Box]]="QB2", Main[[#This Row],[Type of Box]]="EB2"), _xlpm.EsTF, ISNUMBER(SEARCH("T/F", Main[[#This Row],[Nombre]])), _xlpm.FincaCol, OR(Main[[#This Row],[Finca]]="Plazoleta", Main[[#This Row],[Finca]]="Flowers Party", Main[[#This Row],[Finca]]="HydranFlowers", Main[[#This Row],[Finca]]="Alexandra Farms", Main[[#This Row],[Finca]]="Circasia S.A.S.", Main[[#This Row],[Finca]]="Vuelven S.A.S.", Main[[#This Row],[Finca]]="Cultivos del Norte", Main[[#This Row],[Finca]]="La Conchita"), _xlpm.DiaGuia, _xlfn.IFS( AND(_xlpm.DiaSemana=1, _xlpm.CajaEcuador), "Lunes", AND(_xlpm.DiaSemana=1, _xlpm.CajaColombia), "Lunes", AND(_xlpm.DiaSemana=2, _xlpm.CajaEcuador), "Martes", AND(_xlpm.DiaSemana=2, _xlpm.CajaColombia), "Lunes", _xlpm.DiaSemana=3, "Miercoles", AND(_xlpm.DiaSemana=4, _xlpm.CajaEcuador), "Jueves", AND(_xlpm.DiaSemana=4, _xlpm.CajaColombia), "Miercoles", AND(_xlpm.DiaSemana=5, _xlpm.CajaEcuador), "Viernes", AND(_xlpm.DiaSemana=5, _xlpm.CajaColombia), "Jueves", AND(_xlpm.DiaSemana=6, _xlpm.CajaEcuador, _xlpm.EsTF), "Sabado B", AND(_xlpm.DiaSemana=6, _xlpm.CajaEcuador), "Viernes", AND(_xlpm.DiaSemana=6, _xlpm.CajaColombia), "Viernes", TRUE, "" ), _xlpm.ColGuia, _xlfn.IFS( _xlpm.DiaSemana=3, Guias[Ecuador], _xlpm.CajaColombia, Guias[Colombia], TRUE, Guias[Ecuador] ), _xlpm.VuelosError, IFERROR(_xlfn.XLOOKUP(_xlpm.DiaGuia, Guias[Día], Guias[Vuelos])="***Error de Fecha***", FALSE), _xlpm.SemanaIncorrecta, _xlfn.ISOWEEKNUM(Main[[#This Row],[FechaEntrega]]-2) <> Guias!$M$2, IF(_xlpm.SemanaIncorrecta, "ERROR S", IF(ISNA(MATCH(Main[[#This Row],[FechaEntrega]], Guias[Fecha], 0)), "ERROR F", IF(_xlfn.XOR(_xlpm.FincaCol, _xlpm.CajaColombia), "ERROR P", IF(_xlpm.DiaGuia="", "", IF(_xlpm.VuelosError, "ERROR V", _xlfn.XLOOKUP(_xlpm.DiaGuia, Guias[Día], _xlpm.ColGuia) ) ) ) ) ) )} -> 16952 | M12: =Guias!$B$7 -> 46314 | N12: =ROUNDUP((Main[[#This Row],[Cost]]*Main[[#This Row],[Import Duties]]),2) -> 0.05 | O12: 0 | P12: 1 | Q12: 0 | R12: =ROUNDUP(Main[[#This Row],[Transport2]]/Main[[#This Row],[Cantidad_Min]],2) -> 0.91 | S12: =_xlfn.XLOOKUP(Main[[#This Row],[Type of Box]], Cajas[Nombre], Cajas[Largo]) -> 105 | T12: =_xlfn.XLOOKUP(Main[[#This Row],[Type of Box]], Cajas[Nombre], Cajas[Ancho]) -> 17 | U12: =_xlfn.XLOOKUP(Main[[#This Row],[Type of Box]], Cajas[Nombre], Cajas[Alto]) -> 17 | V12: =IF(Main[[#This Row],[Type of Box]]="", "", IF(OR(Main[[#This Row],[Type of Box]]="QB", Main[[#This Row],[Type of Box]]="EB", Main[[#This Row],[Type of Box]]="HB", Main[[#This Row],[Type of Box]]="QB2", Main[[#This Row],[Type of Box]]="EB2", Main[[#This Row],[Type of Box]]="SB"), (Main[[#This Row],[Largo2]]*Main[[#This Row],[Ancho]]*Main[[#This Row],[Alto]])/6000, ((Main[[#This Row],[Largo2]]+Sheet1!$U$2)*(Main[[#This Row],[Ancho]]+Sheet1!$U$2)*(Main[[#This Row],[Alto]]+Sheet1!$U$2))/6000)) -> 5.0575 | W12: =ROUNDUP(((Main[[#This Row],[Volumen]]*5.25))*1.36,2) -> 36.12 | X12: 0.1586 | Y12: =Main[[#This Row],[Cantidad_Min]]*Main[[#This Row],[Precio]]*Main[[#This Row],[Qty]] -> 338 | Z12: =_xlfn.XLOOKUP(Main[[#This Row],[Finca]], Fincas[Nombre], Fincas[ID]) -> 75 | AA12: {=_xlfn.LET( _xlpm.txt, Main[[#This Row],[Standing Orders]], _xlpm.q2num, IFERROR(VALUE(Guias!$M$2), ""), _xlpm.q2txt, UPPER(Guias!$M$2), _xlpm.weekIsOdd, IF(_xlpm.q2num<>"", MOD(_xlpm.q2num,2)=1, IF(ISNUMBER(FIND("IMPAR", _xlpm.q2txt)), TRUE, IF(ISNUMBER(FIND("PAR", _xlpm.q2txt)), FALSE, TRUE))), _xlpm.parts, IF(TRIM(_xlpm.txt)="", "", _xlfn.TOCOL(_xlfn.TEXTSPLIT(SUBSTITUTE(_xlpm.txt, CHAR(160), " "), ";"), 1)), _xlpm.build, IF(_xlfn.VALUETOTEXT(_xlpm.parts)="", "", _xlfn.MAP(_xlpm.parts, _xlfn.LAMBDA(_xlpm.r, _xlfn.LET( _xlpm.s, TRIM(_xlpm.r), _xlpm.s_upper, UPPER(_xlpm.s), _xlpm.p_marker, IF(ISNUMBER(FIND("(*IMPAR)", _xlpm.s_upper)), "impar", IF(ISNUMBER(FIND("(*PAR)", _xlpm.s_upper)), "par", "")), _xlpm.allow, IF(_xlpm.p_marker="", TRUE, IF(_xlpm.p_marker="impar", _xlpm.weekIsOdd, NOT(_xlpm.weekIsOdd))), IF(NOT(_xlpm.allow), "", _xlfn.LET( _xlpm.num, IFERROR(VALUE(LEFT(_xlpm.s, FIND(" ", _xlpm.s & " ")-1)), 0), _xlpm.rawname, TRIM(IFERROR(_xlfn.TEXTAFTER(_xlpm.s, " "), "")), _xlpm.name_pre, IFERROR(_xlfn.TEXTBEFORE(_xlpm.rawname, "["), _xlpm.rawname), _xlpm.name, TRIM(IFERROR(_xlfn.TEXTBEFORE(_xlpm.name_pre, "("), _xlpm.name_pre)), _xlpm.id, _xlfn.XLOOKUP(_xlpm.name, Vendedores[Fragmento], Vendedores[ID], ""), IF(OR(_xlpm.id="", _xlpm.num<=0), "", LEFT(REPT(_xlpm.id & ",", _xlpm.num), LEN(REPT(_xlpm.id & ",", _xlpm.num)) - 1)) ) ) ) ))), _xlpm.resultado, _xlfn.TEXTJOIN(",", TRUE, _xlpm.build), IF(_xlpm.resultado="", "", _xlpm.resultado & ",") )} | AB12: Y
A13: Campos de Aroma | B13: 5 | C13: EB | D13: 40 | E13: 40 | F13: Sunflower Select | G13: ="Vincents Choice " & _xlfn.XLOOKUP(Main[[#This Row],[FechaEntrega]], Guias[Fecha], Guias[Llegada]) -> Vincents Choice (W/T) | H13: PO107165 | I13: 0.27 | J13: =_xlfn.LET( _xlpm.result, 1-((Main[[#This Row],[Cost]]+Main[[#This Row],[Duties]]+Main[[#This Row],[Transport]])/((Main[[#This Row],[Precio]]*0.96))), IF(_xlpm.result<0, "BAJO", IF(_xlpm.result>1, "ALTO", _xlpm.result)) ) -> 0.24186391 | K13: 1.69 | L13: {=_xlfn.LET( _xlpm.DiaSemana, WEEKDAY(Main[[#This Row],[FechaEntrega]], 2), _xlpm.CajaEcuador, OR(Main[[#This Row],[Type of Box]]="QB", Main[[#This Row],[Type of Box]]="EB", Main[[#This Row],[Type of Box]]="HB", Main[[#This Row],[Type of Box]]="SB"), _xlpm.CajaColombia, OR(Main[[#This Row],[Type of Box]]="QB2", Main[[#This Row],[Type of Box]]="EB2"), _xlpm.EsTF, ISNUMBER(SEARCH("T/F", Main[[#This Row],[Nombre]])), _xlpm.FincaCol, OR(Main[[#This Row],[Finca]]="Plazoleta", Main[[#This Row],[Finca]]="Flowers Party", Main[[#This Row],[Finca]]="HydranFlowers", Main[[#This Row],[Finca]]="Alexandra Farms", Main[[#This Row],[Finca]]="Circasia S.A.S.", Main[[#This Row],[Finca]]="Vuelven S.A.S.", Main[[#This Row],[Finca]]="Cultivos del Norte", Main[[#This Row],[Finca]]="La Conchita"), _xlpm.DiaGuia, _xlfn.IFS( AND(_xlpm.DiaSemana=1, _xlpm.CajaEcuador), "Lunes", AND(_xlpm.DiaSemana=1, _xlpm.CajaColombia), "Lunes", AND(_xlpm.DiaSemana=2, _xlpm.CajaEcuador), "Martes", AND(_xlpm.DiaSemana=2, _xlpm.CajaColombia), "Lunes", _xlpm.DiaSemana=3, "Miercoles", AND(_xlpm.DiaSemana=4, _xlpm.CajaEcuador), "Jueves", AND(_xlpm.DiaSemana=4, _xlpm.CajaColombia), "Miercoles", AND(_xlpm.DiaSemana=5, _xlpm.CajaEcuador), "Viernes", AND(_xlpm.DiaSemana=5, _xlpm.CajaColombia), "Jueves", AND(_xlpm.DiaSemana=6, _xlpm.CajaEcuador, _xlpm.EsTF), "Sabado B", AND(_xlpm.DiaSemana=6, _xlpm.CajaEcuador), "Viernes", AND(_xlpm.DiaSemana=6, _xlpm.CajaColombia), "Viernes", TRUE, "" ), _xlpm.ColGuia, _xlfn.IFS( _xlpm.DiaSemana=3, Guias[Ecuador], _xlpm.CajaColombia, Guias[Colombia], TRUE, Guias[Ecuador] ), _xlpm.VuelosError, IFERROR(_xlfn.XLOOKUP(_xlpm.DiaGuia, Guias[Día], Guias[Vuelos])="***Error de Fecha***", FALSE), _xlpm.SemanaIncorrecta, _xlfn.ISOWEEKNUM(Main[[#This Row],[FechaEntrega]]-2) <> Guias!$M$2, IF(_xlpm.SemanaIncorrecta, "ERROR S", IF(ISNA(MATCH(Main[[#This Row],[FechaEntrega]], Guias[Fecha], 0)), "ERROR F", IF(_xlfn.XOR(_xlpm.FincaCol, _xlpm.CajaColombia), "ERROR P", IF(_xlpm.DiaGuia="", "", IF(_xlpm.VuelosError, "ERROR V", _xlfn.XLOOKUP(_xlpm.DiaGuia, Guias[Día], _xlpm.ColGuia) ) ) ) ) ) )} -> 16979 | M13: =Guias!$B$5 -> 46312 | N13: =ROUNDUP((Main[[#This Row],[Cost]]*Main[[#This Row],[Import Duties]]),2) -> 0.05 | O13: 0 | P13: 1 | Q13: 0 | R13: =ROUNDUP(Main[[#This Row],[Transport2]]/Main[[#This Row],[Cantidad_Min]],2) -> 0.91 | S13: =_xlfn.XLOOKUP(Main[[#This Row],[Type of Box]], Cajas[Nombre], Cajas[Largo]) -> 105 | T13: =_xlfn.XLOOKUP(Main[[#This Row],[Type of Box]], Cajas[Nombre], Cajas[Ancho]) -> 17 | U13: =_xlfn.XLOOKUP(Main[[#This Row],[Type of Box]], Cajas[Nombre], Cajas[Alto]) -> 17 | V13: =IF(Main[[#This Row],[Type of Box]]="", "", IF(OR(Main[[#This Row],[Type of Box]]="QB", Main[[#This Row],[Type of Box]]="EB", Main[[#This Row],[Type of Box]]="HB", Main[[#This Row],[Type of Box]]="QB2", Main[[#This Row],[Type of Box]]="EB2", Main[[#This Row],[Type of Box]]="SB"), (Main[[#This Row],[Largo2]]*Main[[#This Row],[Ancho]]*Main[[#This Row],[Alto]])/6000, ((Main[[#This Row],[Largo2]]+Sheet1!$U$2)*(Main[[#This Row],[Ancho]]+Sheet1!$U$2)*(Main[[#This Row],[Alto]]+Sheet1!$U$2))/6000)) -> 5.0575 | W13: =ROUNDUP(((Main[[#This Row],[Volumen]]*5.25))*1.36,2) -> 36.12 | X13: 0.1586 | Y13: =Main[[#This Row],[Cantidad_Min]]*Main[[#This Row],[Precio]]*Main[[#This Row],[Qty]] -> 338 | Z13: =_xlfn.XLOOKUP(Main[[#This Row],[Finca]], Fincas[Nombre], Fincas[ID]) -> 75 | AA13: {=_xlfn.LET( _xlpm.txt, Main[[#This Row],[Standing Orders]], _xlpm.q2num, IFERROR(VALUE(Guias!$M$2), ""), _xlpm.q2txt, UPPER(Guias!$M$2), _xlpm.weekIsOdd, IF(_xlpm.q2num<>"", MOD(_xlpm.q2num,2)=1, IF(ISNUMBER(FIND("IMPAR", _xlpm.q2txt)), TRUE, IF(ISNUMBER(FIND("PAR", _xlpm.q2txt)), FALSE, TRUE))), _xlpm.parts, IF(TRIM(_xlpm.txt)="", "", _xlfn.TOCOL(_xlfn.TEXTSPLIT(SUBSTITUTE(_xlpm.txt, CHAR(160), " "), ";"), 1)), _xlpm.build, IF(_xlfn.VALUETOTEXT(_xlpm.parts)="", "", _xlfn.MAP(_xlpm.parts, _xlfn.LAMBDA(_xlpm.r, _xlfn.LET( _xlpm.s, TRIM(_xlpm.r), _xlpm.s_upper, UPPER(_xlpm.s), _xlpm.p_marker, IF(ISNUMBER(FIND("(*IMPAR)", _xlpm.s_upper)), "impar", IF(ISNUMBER(FIND("(*PAR)", _xlpm.s_upper)), "par", "")), _xlpm.allow, IF(_xlpm.p_marker="", TRUE, IF(_xlpm.p_marker="impar", _xlpm.weekIsOdd, NOT(_xlpm.weekIsOdd))), IF(NOT(_xlpm.allow), "", _xlfn.LET( _xlpm.num, IFERROR(VALUE(LEFT(_xlpm.s, FIND(" ", _xlpm.s & " ")-1)), 0), _xlpm.rawname, TRIM(IFERROR(_xlfn.TEXTAFTER(_xlpm.s, " "), "")), _xlpm.name_pre, IFERROR(_xlfn.TEXTBEFORE(_xlpm.rawname, "["), _xlpm.rawname), _xlpm.name, TRIM(IFERROR(_xlfn.TEXTBEFORE(_xlpm.name_pre, "("), _xlpm.name_pre)), _xlpm.id, _xlfn.XLOOKUP(_xlpm.name, Vendedores[Fragmento], Vendedores[ID], ""), IF(OR(_xlpm.id="", _xlpm.num<=0), "", LEFT(REPT(_xlpm.id & ",", _xlpm.num), LEN(REPT(_xlpm.id & ",", _xlpm.num)) - 1)) ) ) ) ))), _xlpm.resultado, _xlfn.TEXTJOIN(",", TRUE, _xlpm.build), IF(_xlpm.resultado="", "", _xlpm.resultado & ",") )} | AB13: Y
A14: Campos de Aroma | B14: 5 | C14: EB | D14: 45 | E14: 45 | F14: Sunflower Mix | G14: ="Select/Medium/Petit " & _xlfn.XLOOKUP(Main[[#This Row],[FechaEntrega]], Guias[Fecha], Guias[Llegada]) -> Select/Medium/Petit (W/T) | H14: PO107166 | I14: 0.25 | J14: =_xlfn.LET( _xlpm.result, 1-((Main[[#This Row],[Cost]]+Main[[#This Row],[Duties]]+Main[[#This Row],[Transport]])/((Main[[#This Row],[Precio]]*0.96))), IF(_xlpm.result<0, "BAJO", IF(_xlpm.result>1, "ALTO", _xlpm.result)) ) -> 0.2793501 | K14: 1.59 | L14: {=_xlfn.LET( _xlpm.DiaSemana, WEEKDAY(Main[[#This Row],[FechaEntrega]], 2), _xlpm.CajaEcuador, OR(Main[[#This Row],[Type of Box]]="QB", Main[[#This Row],[Type of Box]]="EB", Main[[#This Row],[Type of Box]]="HB", Main[[#This Row],[Type of Box]]="SB"), _xlpm.CajaColombia, OR(Main[[#This Row],[Type of Box]]="QB2", Main[[#This Row],[Type of Box]]="EB2"), _xlpm.EsTF, ISNUMBER(SEARCH("T/F", Main[[#This Row],[Nombre]])), _xlpm.FincaCol, OR(Main[[#This Row],[Finca]]="Plazoleta", Main[[#This Row],[Finca]]="Flowers Party", Main[[#This Row],[Finca]]="HydranFlowers", Main[[#This Row],[Finca]]="Alexandra Farms", Main[[#This Row],[Finca]]="Circasia S.A.S.", Main[[#This Row],[Finca]]="Vuelven S.A.S.", Main[[#This Row],[Finca]]="Cultivos del Norte", Main[[#This Row],[Finca]]="La Conchita"), _xlpm.DiaGuia, _xlfn.IFS( AND(_xlpm.DiaSemana=1, _xlpm.CajaEcuador), "Lunes", AND(_xlpm.DiaSemana=1, _xlpm.CajaColombia), "Lunes", AND(_xlpm.DiaSemana=2, _xlpm.CajaEcuador), "Martes", AND(_xlpm.DiaSemana=2, _xlpm.CajaColombia), "Lunes", _xlpm.DiaSemana=3, "Miercoles", AND(_xlpm.DiaSemana=4, _xlpm.CajaEcuador), "Jueves", AND(_xlpm.DiaSemana=4, _xlpm.CajaColombia), "Miercoles", AND(_xlpm.DiaSemana=5, _xlpm.CajaEcuador), "Viernes", AND(_xlpm.DiaSemana=5, _xlpm.CajaColombia), "Jueves", AND(_xlpm.DiaSemana=6, _xlpm.CajaEcuador, _xlpm.EsTF), "Sabado B", AND(_xlpm.DiaSemana=6, _xlpm.CajaEcuador), "Viernes", AND(_xlpm.DiaSemana=6, _xlpm.CajaColombia), "Viernes", TRUE, "" ), _xlpm.ColGuia, _xlfn.IFS( _xlpm.DiaSemana=3, Guias[Ecuador], _xlpm.CajaColombia, Guias[Colombia], TRUE, Guias[Ecuador] ), _xlpm.VuelosError, IFERROR(_xlfn.XLOOKUP(_xlpm.DiaGuia, Guias[Día], Guias[Vuelos])="***Error de Fecha***", FALSE), _xlpm.SemanaIncorrecta, _xlfn.ISOWEEKNUM(Main[[#This Row],[FechaEntrega]]-2) <> Guias!$M$2, IF(_xlpm.SemanaIncorrecta, "ERROR S", IF(ISNA(MATCH(Main[[#This Row],[FechaEntrega]], Guias[Fecha], 0)), "ERROR F", IF(_xlfn.XOR(_xlpm.FincaCol, _xlpm.CajaColombia), "ERROR P", IF(_xlpm.DiaGuia="", "", IF(_xlpm.VuelosError, "ERROR V", _xlfn.XLOOKUP(_xlpm.DiaGuia, Guias[Día], _xlpm.ColGuia) ) ) ) ) ) )} -> 16979 | M14: =Guias!$B$4 -> 46311 | N14: =ROUNDUP((Main[[#This Row],[Cost]]*Main[[#This Row],[Import Duties]]),2) -> 0.04 | O14: 0 | P14: 1 | Q14: 0 | R14: =ROUNDUP(Main[[#This Row],[Transport2]]/Main[[#This Row],[Cantidad_Min]],2) -> 0.81 | S14: =_xlfn.XLOOKUP(Main[[#This Row],[Type of Box]], Cajas[Nombre], Cajas[Largo]) -> 105 | T14: =_xlfn.XLOOKUP(Main[[#This Row],[Type of Box]], Cajas[Nombre], Cajas[Ancho]) -> 17 | U14: =_xlfn.XLOOKUP(Main[[#This Row],[Type of Box]], Cajas[Nombre], Cajas[Alto]) -> 17 | V14: =IF(Main[[#This Row],[Type of Box]]="", "", IF(OR(Main[[#This Row],[Type of Box]]="QB", Main[[#This Row],[Type of Box]]="EB", Main[[#This Row],[Type of Box]]="HB", Main[[#This Row],[Type of Box]]="QB2", Main[[#This Row],[Type of Box]]="EB2", Main[[#This Row],[Type of Box]]="SB"), (Main[[#This Row],[Largo2]]*Main[[#This Row],[Ancho]]*Main[[#This Row],[Alto]])/6000, ((Main[[#This Row],[Largo2]]+Sheet1!$U$2)*(Main[[#This Row],[Ancho]]+Sheet1!$U$2)*(Main[[#This Row],[Alto]]+Sheet1!$U$2))/6000)) -> 5.0575 | W14: =ROUNDUP(((Main[[#This Row],[Volumen]]*5.25))*1.36,2) -> 36.12 | X14: 0.1586 | Y14: =Main[[#This Row],[Cantidad_Min]]*Main[[#This Row],[Precio]]*Main[[#This Row],[Qty]] -> 357.75 | Z14: =_xlfn.XLOOKUP(Main[[#This Row],[Finca]], Fincas[Nombre], Fincas[ID]) -> 75 | AA14: {=_xlfn.LET( _xlpm.txt, Main[[#This Row],[Standing Orders]], _xlpm.q2num, IFERROR(VALUE(Guias!$M$2), ""), _xlpm.q2txt, UPPER(Guias!$M$2), _xlpm.weekIsOdd, IF(_xlpm.q2num<>"", MOD(_xlpm.q2num,2)=1, IF(ISNUMBER(FIND("IMPAR", _xlpm.q2txt)), TRUE, IF(ISNUMBER(FIND("PAR", _xlpm.q2txt)), FALSE, TRUE))), _xlpm.parts, IF(TRIM(_xlpm.txt)="", "", _xlfn.TOCOL(_xlfn.TEXTSPLIT(SUBSTITUTE(_xlpm.txt, CHAR(160), " "), ";"), 1)), _xlpm.build, IF(_xlfn.VALUETOTEXT(_xlpm.parts)="", "", _xlfn.MAP(_xlpm.parts, _xlfn.LAMBDA(_xlpm.r, _xlfn.LET( _xlpm.s, TRIM(_xlpm.r), _xlpm.s_upper, UPPER(_xlpm.s), _xlpm.p_marker, IF(ISNUMBER(FIND("(*IMPAR)", _xlpm.s_upper)), "impar", IF(ISNUMBER(FIND("(*PAR)", _xlpm.s_upper)), "par", "")), _xlpm.allow, IF(_xlpm.p_marker="", TRUE, IF(_xlpm.p_marker="impar", _xlpm.weekIsOdd, NOT(_xlpm.weekIsOdd))), IF(NOT(_xlpm.allow), "", _xlfn.LET( _xlpm.num, IFERROR(VALUE(LEFT(_xlpm.s, FIND(" ", _xlpm.s & " ")-1)), 0), _xlpm.rawname, TRIM(IFERROR(_xlfn.TEXTAFTER(_xlpm.s, " "), "")), _xlpm.name_pre, IFERROR(_xlfn.TEXTBEFORE(_xlpm.rawname, "["), _xlpm.rawname), _xlpm.name, TRIM(IFERROR(_xlfn.TEXTBEFORE(_xlpm.name_pre, "("), _xlpm.name_pre)), _xlpm.id, _xlfn.XLOOKUP(_xlpm.name, Vendedores[Fragmento], Vendedores[ID], ""), IF(OR(_xlpm.id="", _xlpm.num<=0), "", LEFT(REPT(_xlpm.id & ",", _xlpm.num), LEN(REPT(_xlpm.id & ",", _xlpm.num)) - 1)) ) ) ) ))), _xlpm.resultado, _xlfn.TEXTJOIN(",", TRUE, _xlpm.build), IF(_xlpm.resultado="", "", _xlpm.resultado & ",") )} | AB14: Y
A15: Campos de Aroma | B15: 5 | C15: EB | D15: 40 | E15: 40 | F15: Sunflower Select | G15: ="Vincents Choice " & _xlfn.XLOOKUP(Main[[#This Row],[FechaEntrega]], Guias[Fecha], Guias[Llegada]) -> Vincents Choice (M/T) | H15: PO107167 | I15: 0.27 | J15: =_xlfn.LET( _xlpm.result, 1-((Main[[#This Row],[Cost]]+Main[[#This Row],[Duties]]+Main[[#This Row],[Transport]])/((Main[[#This Row],[Precio]]*0.96))), IF(_xlpm.result<0, "BAJO", IF(_xlpm.result>1, "ALTO", _xlpm.result)) ) -> 0.24186391 | K15: 1.69 | L15: {=_xlfn.LET( _xlpm.DiaSemana, WEEKDAY(Main[[#This Row],[FechaEntrega]], 2), _xlpm.CajaEcuador, OR(Main[[#This Row],[Type of Box]]="QB", Main[[#This Row],[Type of Box]]="EB", Main[[#This Row],[Type of Box]]="HB", Main[[#This Row],[Type of Box]]="SB"), _xlpm.CajaColombia, OR(Main[[#This Row],[Type of Box]]="QB2", Main[[#This Row],[Type of Box]]="EB2"), _xlpm.EsTF, ISNUMBER(SEARCH("T/F", Main[[#This Row],[Nombre]])), _xlpm.FincaCol, OR(Main[[#This Row],[Finca]]="Plazoleta", Main[[#This Row],[Finca]]="Flowers Party", Main[[#This Row],[Finca]]="HydranFlowers", Main[[#This Row],[Finca]]="Alexandra Farms", Main[[#This Row],[Finca]]="Circasia S.A.S.", Main[[#This Row],[Finca]]="Vuelven S.A.S.", Main[[#This Row],[Finca]]="Cultivos del Norte", Main[[#This Row],[Finca]]="La Conchita"), _xlpm.DiaGuia, _xlfn.IFS( AND(_xlpm.DiaSemana=1, _xlpm.CajaEcuador), "Lunes", AND(_xlpm.DiaSemana=1, _xlpm.CajaColombia), "Lunes", AND(_xlpm.DiaSemana=2, _xlpm.CajaEcuador), "Martes", AND(_xlpm.DiaSemana=2, _xlpm.CajaColombia), "Lunes", _xlpm.DiaSemana=3, "Miercoles", AND(_xlpm.DiaSemana=4, _xlpm.CajaEcuador), "Jueves", AND(_xlpm.DiaSemana=4, _xlpm.CajaColombia), "Miercoles", AND(_xlpm.DiaSemana=5, _xlpm.CajaEcuador), "Viernes", AND(_xlpm.DiaSemana=5, _xlpm.CajaColombia), "Jueves", AND(_xlpm.DiaSemana=6, _xlpm.CajaEcuador, _xlpm.EsTF), "Sabado B", AND(_xlpm.DiaSemana=6, _xlpm.CajaEcuador), "Viernes", AND(_xlpm.DiaSemana=6, _xlpm.CajaColombia), "Viernes", TRUE, "" ), _xlpm.ColGuia, _xlfn.IFS( _xlpm.DiaSemana=3, Guias[Ecuador], _xlpm.CajaColombia, Guias[Colombia], TRUE, Guias[Ecuador] ), _xlpm.VuelosError, IFERROR(_xlfn.XLOOKUP(_xlpm.DiaGuia, Guias[Día], Guias[Vuelos])="***Error de Fecha***", FALSE), _xlpm.SemanaIncorrecta, _xlfn.ISOWEEKNUM(Main[[#This Row],[FechaEntrega]]-2) <> Guias!$M$2, IF(_xlpm.SemanaIncorrecta, "ERROR S", IF(ISNA(MATCH(Main[[#This Row],[FechaEntrega]], Guias[Fecha], 0)), "ERROR F", IF(_xlfn.XOR(_xlpm.FincaCol, _xlpm.CajaColombia), "ERROR P", IF(_xlpm.DiaGuia="", "", IF(_xlpm.VuelosError, "ERROR V", _xlfn.XLOOKUP(_xlpm.DiaGuia, Guias[Día], _xlpm.ColGuia) ) ) ) ) ) )} -> 16965 | M15: =Guias!$B$2 -> 46309 | N15: =ROUNDUP((Main[[#This Row],[Cost]]*Main[[#This Row],[Import Duties]]),2) -> 0.05 | O15: 0 | P15: 1 | Q15: 0 | R15: =ROUNDUP(Main[[#This Row],[Transport2]]/Main[[#This Row],[Cantidad_Min]],2) -> 0.91 | S15: =_xlfn.XLOOKUP(Main[[#This Row],[Type of Box]], Cajas[Nombre], Cajas[Largo]) -> 105 | T15: =_xlfn.XLOOKUP(Main[[#This Row],[Type of Box]], Cajas[Nombre], Cajas[Ancho]) -> 17 | U15: =_xlfn.XLOOKUP(Main[[#This Row],[Type of Box]], Cajas[Nombre], Cajas[Alto]) -> 17 | V15: =IF(Main[[#This Row],[Type of Box]]="", "", IF(OR(Main[[#This Row],[Type of Box]]="QB", Main[[#This Row],[Type of Box]]="EB", Main[[#This Row],[Type of Box]]="HB", Main[[#This Row],[Type of Box]]="QB2", Main[[#This Row],[Type of Box]]="EB2", Main[[#This Row],[Type of Box]]="SB"), (Main[[#This Row],[Largo2]]*Main[[#This Row],[Ancho]]*Main[[#This Row],[Alto]])/6000, ((Main[[#This Row],[Largo2]]+Sheet1!$U$2)*(Main[[#This Row],[Ancho]]+Sheet1!$U$2)*(Main[[#This Row],[Alto]]+Sheet1!$U$2))/6000)) -> 5.0575 | W15: =ROUNDUP(((Main[[#This Row],[Volumen]]*5.25))*1.36,2) -> 36.12 | X15: 0.1586 | Y15: =Main[[#This Row],[Cantidad_Min]]*Main[[#This Row],[Precio]]*Main[[#This Row],[Qty]] -> 338 | Z15: =_xlfn.XLOOKUP(Main[[#This Row],[Finca]], Fincas[Nombre], Fincas[ID]) -> 75 | AA15: {=_xlfn.LET( _xlpm.txt, Main[[#This Row],[Standing Orders]], _xlpm.q2num, IFERROR(VALUE(Guias!$M$2), ""), _xlpm.q2txt, UPPER(Guias!$M$2), _xlpm.weekIsOdd, IF(_xlpm.q2num<>"", MOD(_xlpm.q2num,2)=1, IF(ISNUMBER(FIND("IMPAR", _xlpm.q2txt)), TRUE, IF(ISNUMBER(FIND("PAR", _xlpm.q2txt)), FALSE, TRUE))), _xlpm.parts, IF(TRIM(_xlpm.txt)="", "", _xlfn.TOCOL(_xlfn.TEXTSPLIT(SUBSTITUTE(_xlpm.txt, CHAR(160), " "), ";"), 1)), _xlpm.build, IF(_xlfn.VALUETOTEXT(_xlpm.parts)="", "", _xlfn.MAP(_xlpm.parts, _xlfn.LAMBDA(_xlpm.r, _xlfn.LET( _xlpm.s, TRIM(_xlpm.r), _xlpm.s_upper, UPPER(_xlpm.s), _xlpm.p_marker, IF(ISNUMBER(FIND("(*IMPAR)", _xlpm.s_upper)), "impar", IF(ISNUMBER(FIND("(*PAR)", _xlpm.s_upper)), "par", "")), _xlpm.allow, IF(_xlpm.p_marker="", TRUE, IF(_xlpm.p_marker="impar", _xlpm.weekIsOdd, NOT(_xlpm.weekIsOdd))), IF(NOT(_xlpm.allow), "", _xlfn.LET( _xlpm.num, IFERROR(VALUE(LEFT(_xlpm.s, FIND(" ", _xlpm.s & " ")-1)), 0), _xlpm.rawname, TRIM(IFERROR(_xlfn.TEXTAFTER(_xlpm.s, " "), "")), _xlpm.name_pre, IFERROR(_xlfn.TEXTBEFORE(_xlpm.rawname, "["), _xlpm.rawname), _xlpm.name, TRIM(IFERROR(_xlfn.TEXTBEFORE(_xlpm.name_pre, "("), _xlpm.name_pre)), _xlpm.id, _xlfn.XLOOKUP(_xlpm.name, Vendedores[Fragmento], Vendedores[ID], ""), IF(OR(_xlpm.id="", _xlpm.num<=0), "", LEFT(REPT(_xlpm.id & ",", _xlpm.num), LEN(REPT(_xlpm.id & ",", _xlpm.num)) - 1)) ) ) ) ))), _xlpm.resultado, _xlfn.TEXTJOIN(",", TRUE, _xlpm.build), IF(_xlpm.resultado="", "", _xlpm.resultado & ",") )} | AB15: Y
A16: Ceres Farms | B16: =IF(Main[[#This Row],[SendEmail]]="Y", 1, 0) -> 1 | C16: QB | D16: 125 | E16: 125 | F16: Roses 50cm | G16: ="25 Explorer/25 Pink Mondial/25 Hermosa/25 White Mondial/25 Phoenix " & _xlfn.XLOOKUP(Main[[#This Row],[FechaEntrega]], Guias[Fecha], Guias[Llegada]) -> 25 Explorer/25 Pink Mondial/25 Hermosa/25 White Mondial/25 Phoenix (M/T) | H16: PO107168 | I16: 0.3 | J16: =_xlfn.LET( _xlpm.result, 1-((Main[[#This Row],[Cost]]+Main[[#This Row],[Duties]]+Main[[#This Row],[Transport]])/((Main[[#This Row],[Precio]]*0.96))), IF(_xlpm.result<0, "BAJO", IF(_xlpm.result>1, "ALTO", _xlpm.result)) ) -> 0.20289855 | K16: 1.15 | L16: {=_xlfn.LET( _xlpm.DiaSemana, WEEKDAY(Main[[#This Row],[FechaEntrega]], 2), _xlpm.CajaEcuador, OR(Main[[#This Row],[Type of Box]]="QB", Main[[#This Row],[Type of Box]]="EB", Main[[#This Row],[Type of Box]]="HB", Main[[#This Row],[Type of Box]]="SB"), _xlpm.CajaColombia, OR(Main[[#This Row],[Type of Box]]="QB2", Main[[#This Row],[Type of Box]]="EB2"), _xlpm.EsTF, ISNUMBER(SEARCH("T/F", Main[[#This Row],[Nombre]])), _xlpm.FincaCol, OR(Main[[#This Row],[Finca]]="Plazoleta", Main[[#This Row],[Finca]]="Flowers Party", Main[[#This Row],[Finca]]="HydranFlowers", Main[[#This Row],[Finca]]="Alexandra Farms", Main[[#This Row],[Finca]]="Circasia S.A.S.", Main[[#This Row],[Finca]]="Vuelven S.A.S.", Main[[#This Row],[Finca]]="Cultivos del Norte", Main[[#This Row],[Finca]]="La Conchita"), _xlpm.DiaGuia, _xlfn.IFS( AND(_xlpm.DiaSemana=1, _xlpm.CajaEcuador), "Lunes", AND(_xlpm.DiaSemana=1, _xlpm.CajaColombia), "Lunes", AND(_xlpm.DiaSemana=2, _xlpm.CajaEcuador), "Martes", AND(_xlpm.DiaSemana=2, _xlpm.CajaColombia), "Lunes", _xlpm.DiaSemana=3, "Miercoles", AND(_xlpm.DiaSemana=4, _xlpm.CajaEcuador), "Jueves", AND(_xlpm.DiaSemana=4, _xlpm.CajaColombia), "Miercoles", AND(_xlpm.DiaSemana=5, _xlpm.CajaEcuador), "Viernes", AND(_xlpm.DiaSemana=5, _xlpm.CajaColombia), "Jueves", AND(_xlpm.DiaSemana=6, _xlpm.CajaEcuador, _xlpm.EsTF), "Sabado B", AND(_xlpm.DiaSemana=6, _xlpm.CajaEcuador), "Viernes", AND(_xlpm.DiaSemana=6, _xlpm.CajaColombia), "Viernes", TRUE, "" ), _xlpm.ColGuia, _xlfn.IFS( _xlpm.DiaSemana=3, Guias[Ecuador], _xlpm.CajaColombia, Guias[Colombia], TRUE, Guias[Ecuador] ), _xlpm.VuelosError, IFERROR(_xlfn.XLOOKUP(_xlpm.DiaGuia, Guias[Día], Guias[Vuelos])="***Error de Fecha***", FALSE), _xlpm.SemanaIncorrecta, _xlfn.ISOWEEKNUM(Main[[#This Row],[FechaEntrega]]-2) <> Guias!$M$2, IF(_xlpm.SemanaIncorrecta, "ERROR S", IF(ISNA(MATCH(Main[[#This Row],[FechaEntrega]], Guias[Fecha], 0)), "ERROR F", IF(_xlfn.XOR(_xlpm.FincaCol, _xlpm.CajaColombia), "ERROR P", IF(_xlpm.DiaGuia="", "", IF(_xlpm.VuelosError, "ERROR V", _xlfn.XLOOKUP(_xlpm.DiaGuia, Guias[Día], _xlpm.ColGuia) ) ) ) ) ) )} -> 16965 | M16: =Guias!$B$2 -> 46309 | N16: =ROUNDUP((Main[[#This Row],[Cost]]*Main[[#This Row],[Import Duties]]),2) -> 0.05 | O16: 0 | P16: 1 | Q16: 0 | R16: =ROUNDUP(Main[[#This Row],[Transport2]]/Main[[#This Row],[Cantidad_Min]],2) -> 0.53 | S16: =_xlfn.XLOOKUP(Main[[#This Row],[Type of Box]], Cajas[Nombre], Cajas[Largo]) -> 99 | T16: =_xlfn.XLOOKUP(Main[[#This Row],[Type of Box]], Cajas[Nombre], Cajas[Ancho]) -> 35 | U16: =_xlfn.XLOOKUP(Main[[#This Row],[Type of Box]], Cajas[Nombre], Cajas[Alto]) -> 16 | V16: =IF(Main[[#This Row],[Type of Box]]="", "", IF(OR(Main[[#This Row],[Type of Box]]="QB", Main[[#This Row],[Type of Box]]="EB", Main[[#This Row],[Type of Box]]="HB", Main[[#This Row],[Type of Box]]="QB2", Main[[#This Row],[Type of Box]]="EB2", Main[[#This Row],[Type of Box]]="SB"), (Main[[#This Row],[Largo2]]*Main[[#This Row],[Ancho]]*Main[[#This Row],[Alto]])/6000, ((Main[[#This Row],[Largo2]]+Sheet1!$U$2)*(Main[[#This Row],[Ancho]]+Sheet1!$U$2)*(Main[[#This Row],[Alto]]+Sheet1!$U$2))/6000)) -> 9.24 | W16: =ROUNDUP(((Main[[#This Row],[Volumen]]*5.25))*1.36,2) -> 65.98 | X16: 0.1586 | Y16: =Main[[#This Row],[Cantidad_Min]]*Main[[#This Row],[Precio]]*Main[[#This Row],[Qty]] -> 143.75 | Z16: =_xlfn.XLOOKUP(Main[[#This Row],[Finca]], Fincas[Nombre], Fincas[ID]) -> 2 | AA16: {=_xlfn.LET( _xlpm.txt, Main[[#This Row],[Standing Orders]], _xlpm.q2num, IFERROR(VALUE(Guias!$M$2), ""), _xlpm.q2txt, UPPER(Guias!$M$2), _xlpm.weekIsOdd, IF(_xlpm.q2num<>"", MOD(_xlpm.q2num,2)=1, IF(ISNUMBER(FIND("IMPAR", _xlpm.q2txt)), TRUE, IF(ISNUMBER(FIND("PAR", _xlpm.q2txt)), FALSE, TRUE))), _xlpm.parts, IF(TRIM(_xlpm.txt)="", "", _xlfn.TOCOL(_xlfn.TEXTSPLIT(SUBSTITUTE(_xlpm.txt, CHAR(160), " "), ";"), 1)), _xlpm.build, IF(_xlfn.VALUETOTEXT(_xlpm.parts)="", "", _xlfn.MAP(_xlpm.parts, _xlfn.LAMBDA(_xlpm.r, _xlfn.LET( _xlpm.s, TRIM(_xlpm.r), _xlpm.s_upper, UPPER(_xlpm.s), _xlpm.p_marker, IF(ISNUMBER(FIND("(*IMPAR)", _xlpm.s_upper)), "impar", IF(ISNUMBER(FIND("(*PAR)", _xlpm.s_upper)), "par", "")), _xlpm.allow, IF(_xlpm.p_marker="", TRUE, IF(_xlpm.p_marker="impar", _xlpm.weekIsOdd, NOT(_xlpm.weekIsOdd))), IF(NOT(_xlpm.allow), "", _xlfn.LET( _xlpm.num, IFERROR(VALUE(LEFT(_xlpm.s, FIND(" ", _xlpm.s & " ")-1)), 0), _xlpm.rawname, TRIM(IFERROR(_xlfn.TEXTAFTER(_xlpm.s, " "), "")), _xlpm.name_pre, IFERROR(_xlfn.TEXTBEFORE(_xlpm.rawname, "["), _xlpm.rawname), _xlpm.name, TRIM(IFERROR(_xlfn.TEXTBEFORE(_xlpm.name_pre, "("), _xlpm.name_pre)), _xlpm.id, _xlfn.XLOOKUP(_xlpm.name, Vendedores[Fragmento], Vendedores[ID], ""), IF(OR(_xlpm.id="", _xlpm.num<=0), "", LEFT(REPT(_xlpm.id & ",", _xlpm.num), LEN(REPT(_xlpm.id & ",", _xlpm.num)) - 1)) ) ) ) ))), _xlpm.resultado, _xlfn.TEXTJOIN(",", TRUE, _xlpm.build), IF(_xlpm.resultado="", "", _xlpm.resultado & ",") )} | AB16: =_xlfn.LET( _xlpm.txt, Main[[#This Row],[Standing Orders]], _xlpm.q2num, IFERROR(VALUE(Guias!$M$2), ""), _xlpm.q2txt, UPPER(Guias!$M$2), _xlpm.weekIsOdd, IF(_xlpm.q2num<>"", MOD(_xlpm.q2num,2)=1, IF(ISNUMBER(FIND("IMPAR", _xlpm.q2txt)), TRUE, IF(ISNUMBER(FIND("PAR", _xlpm.q2txt)), FALSE, TRUE))), _xlpm.parity_marker, IF(ISNUMBER(FIND("(*IMPAR)", UPPER(_xlpm.txt))), "impar", IF(ISNUMBER(FIND("(*PAR)", UPPER(_xlpm.txt))), "par", "")), _xlpm.allow, IF(_xlpm.parity_marker="", TRUE, IF(_xlpm.parity_marker="impar", _xlpm.weekIsOdd, NOT(_xlpm.weekIsOdd))), IF(_xlpm.allow, "Y", "N") ) -> Y | AD16: 0 Cesar [John - Bliss Point Floral Design GA]
A17: Christopher Flowers | B17: 1 | C17: EB | D17: 50 | E17: 50 | F17: Stock Super 70cm | G17: ="Light Pink/Hot Pink/Yellow/White/Purple " & _xlfn.XLOOKUP(Main[[#This Row],[FechaEntrega]], Guias[Fecha], Guias[Llegada]) -> Light Pink/Hot Pink/Yellow/White/Purple (M/T) | H17: PO107169 | I17: 0.26 | J17: =_xlfn.LET( _xlpm.result, 1-((Main[[#This Row],[Cost]]+Main[[#This Row],[Duties]]+Main[[#This Row],[Transport]])/((Main[[#This Row],[Precio]]*0.96))), IF(_xlpm.result<0, "BAJO", IF(_xlpm.result>1, "ALTO", _xlpm.result)) ) -> 0.13333333 | K17: 1.25 | L17: {=_xlfn.LET( _xlpm.DiaSemana, WEEKDAY(Main[[#This Row],[FechaEntrega]], 2), _xlpm.CajaEcuador, OR(Main[[#This Row],[Type of Box]]="QB", Main[[#This Row],[Type of Box]]="EB", Main[[#This Row],[Type of Box]]="HB", Main[[#This Row],[Type of Box]]="SB"), _xlpm.CajaColombia, OR(Main[[#This Row],[Type of Box]]="QB2", Main[[#This Row],[Type of Box]]="EB2"), _xlpm.EsTF, ISNUMBER(SEARCH("T/F", Main[[#This Row],[Nombre]])), _xlpm.FincaCol, OR(Main[[#This Row],[Finca]]="Plazoleta", Main[[#This Row],[Finca]]="Flowers Party", Main[[#This Row],[Finca]]="HydranFlowers", Main[[#This Row],[Finca]]="Alexandra Farms", Main[[#This Row],[Finca]]="Circasia S.A.S.", Main[[#This Row],[Finca]]="Vuelven S.A.S.", Main[[#This Row],[Finca]]="Cultivos del Norte", Main[[#This Row],[Finca]]="La Conchita"), _xlpm.DiaGuia, _xlfn.IFS( AND(_xlpm.DiaSemana=1, _xlpm.CajaEcuador), "Lunes", AND(_xlpm.DiaSemana=1, _xlpm.CajaColombia), "Lunes", AND(_xlpm.DiaSemana=2, _xlpm.CajaEcuador), "Martes", AND(_xlpm.DiaSemana=2, _xlpm.CajaColombia), "Lunes", _xlpm.DiaSemana=3, "Miercoles", AND(_xlpm.DiaSemana=4, _xlpm.CajaEcuador), "Jueves", AND(_xlpm.DiaSemana=4, _xlpm.CajaColombia), "Miercoles", AND(_xlpm.DiaSemana=5, _xlpm.CajaEcuador), "Viernes", AND(_xlpm.DiaSemana=5, _xlpm.CajaColombia), "Jueves", AND(_xlpm.DiaSemana=6, _xlpm.CajaEcuador, _xlpm.EsTF), "Sabado B", AND(_xlpm.DiaSemana=6, _xlpm.CajaEcuador), "Viernes", AND(_xlpm.DiaSemana=6, _xlpm.CajaColombia), "Viernes", TRUE, "" ), _xlpm.ColGuia, _xlfn.IFS( _xlpm.DiaSemana=3, Guias[Ecuador], _xlpm.CajaColombia, Guias[Colombia], TRUE, Guias[Ecuador] ), _xlpm.VuelosError, IFERROR(_xlfn.XLOOKUP(_xlpm.DiaGuia, Guias[Día], Guias[Vuelos])="***Error de Fecha***", FALSE), _xlpm.SemanaIncorrecta, _xlfn.ISOWEEKNUM(Main[[#This Row],[FechaEntrega]]-2) <> Guias!$M$2, IF(_xlpm.SemanaIncorrecta, "ERROR S", IF(ISNA(MATCH(Main[[#This Row],[FechaEntrega]], Guias[Fecha], 0)), "ERROR F", IF(_xlfn.XOR(_xlpm.FincaCol, _xlpm.CajaColombia), "ERROR P", IF(_xlpm.DiaGuia="", "", IF(_xlpm.VuelosError, "ERROR V", _xlfn.XLOOKUP(_xlpm.DiaGuia, Guias[Día], _xlpm.ColGuia) ) ) ) ) ) )} -> 16965 | M17: =Guias!$B$2 -> 46309 | N17: =ROUNDUP((Main[[#This Row],[Cost]]*Main[[#This Row],[Import Duties]]),2) -> 0.05 | O17: 0 | P17: 1 | Q17: 0 | R17: =ROUNDUP(Main[[#This Row],[Transport2]]/Main[[#This Row],[Cantidad_Min]],2) -> 0.73 | S17: =_xlfn.XLOOKUP(Main[[#This Row],[Type of Box]], Cajas[Nombre], Cajas[Largo]) -> 105 | T17: =_xlfn.XLOOKUP(Main[[#This Row],[Type of Box]], Cajas[Nombre], Cajas[Ancho]) -> 17 | U17: =_xlfn.XLOOKUP(Main[[#This Row],[Type of Box]], Cajas[Nombre], Cajas[Alto]) -> 17 | V17: =IF(Main[[#This Row],[Type of Box]]="", "", IF(OR(Main[[#This Row],[Type of Box]]="QB", Main[[#This Row],[Type of Box]]="EB", Main[[#This Row],[Type of Box]]="HB", Main[[#This Row],[Type of Box]]="QB2", Main[[#This Row],[Type of Box]]="EB2", Main[[#This Row],[Type of Box]]="SB"), (Main[[#This Row],[Largo2]]*Main[[#This Row],[Ancho]]*Main[[#This Row],[Alto]])/6000, ((Main[[#This Row],[Largo2]]+Sheet1!$U$2)*(Main[[#This Row],[Ancho]]+Sheet1!$U$2)*(Main[[#This Row],[Alto]]+Sheet1!$U$2))/6000)) -> 5.0575 | W17: =ROUNDUP(((Main[[#This Row],[Volumen]]*5.25))*1.36,2) -> 36.12 | X17: 0.1586 | Y17: =Main[[#This Row],[Cantidad_Min]]*Main[[#This Row],[Precio]]*Main[[#This Row],[Qty]] -> 62.5 | Z17: =_xlfn.XLOOKUP(Main[[#This Row],[Finca]], Fincas[Nombre], Fincas[ID]) -> 62 | AA17: {=_xlfn.LET( _xlpm.txt, Main[[#This Row],[Standing Orders]], _xlpm.q2num, IFERROR(VALUE(Guias!$M$2), ""), _xlpm.q2txt, UPPER(Guias!$M$2), _xlpm.weekIsOdd, IF(_xlpm.q2num<>"", MOD(_xlpm.q2num,2)=1, IF(ISNUMBER(FIND("IMPAR", _xlpm.q2txt)), TRUE, IF(ISNUMBER(FIND("PAR", _xlpm.q2txt)), FALSE, TRUE))), _xlpm.parts, IF(TRIM(_xlpm.txt)="", "", _xlfn.TOCOL(_xlfn.TEXTSPLIT(SUBSTITUTE(_xlpm.txt, CHAR(160), " "), ";"), 1)), _xlpm.build, IF(_xlfn.VALUETOTEXT(_xlpm.parts)="", "", _xlfn.MAP(_xlpm.parts, _xlfn.LAMBDA(_xlpm.r, _xlfn.LET( _xlpm.s, TRIM(_xlpm.r), _xlpm.s_upper, UPPER(_xlpm.s), _xlpm.p_marker, IF(ISNUMBER(FIND("(*IMPAR)", _xlpm.s_upper)), "impar", IF(ISNUMBER(FIND("(*PAR)", _xlpm.s_upper)), "par", "")), _xlpm.allow, IF(_xlpm.p_marker="", TRUE, IF(_xlpm.p_marker="impar", _xlpm.weekIsOdd, NOT(_xlpm.weekIsOdd))), IF(NOT(_xlpm.allow), "", _xlfn.LET( _xlpm.num, IFERROR(VALUE(LEFT(_xlpm.s, FIND(" ", _xlpm.s & " ")-1)), 0), _xlpm.rawname, TRIM(IFERROR(_xlfn.TEXTAFTER(_xlpm.s, " "), "")), _xlpm.name_pre, IFERROR(_xlfn.TEXTBEFORE(_xlpm.rawname, "["), _xlpm.rawname), _xlpm.name, TRIM(IFERROR(_xlfn.TEXTBEFORE(_xlpm.name_pre, "("), _xlpm.name_pre)), _xlpm.id, _xlfn.XLOOKUP(_xlpm.name, Vendedores[Fragmento], Vendedores[ID], ""), IF(OR(_xlpm.id="", _xlpm.num<=0), "", LEFT(REPT(_xlpm.id & ",", _xlpm.num), LEN(REPT(_xlpm.id & ",", _xlpm.num)) - 1)) ) ) ) ))), _xlpm.resultado, _xlfn.TEXTJOIN(",", TRUE, _xlpm.build), IF(_xlpm.resultado="", "", _xlpm.resultado & ",") )} -> eorces, | AB17: Y | AD17: 1 Tefa [Nags Head NC]
A18: Christopher Flowers | B18: 1 | C18: EB | D18: 50 | E18: 50 | F18: Stock Super 70cm | G18: ="Light Pink/Hot Pink/Yellow/White/Purple " & _xlfn.XLOOKUP(Main[[#This Row],[FechaEntrega]], Guias[Fecha], Guias[Llegada]) -> Light Pink/Hot Pink/Yellow/White/Purple (M/T) | H18: PO107170 | I18: 0.26 | J18: =_xlfn.LET( _xlpm.result, 1-((Main[[#This Row],[Cost]]+Main[[#This Row],[Duties]]+Main[[#This Row],[Transport]])/((Main[[#This Row],[Precio]]*0.96))), IF(_xlpm.result<0, "BAJO", IF(_xlpm.result>1, "ALTO", _xlpm.result)) ) -> 0.16020672 | K18: 1.29 | L18: {=_xlfn.LET( _xlpm.DiaSemana, WEEKDAY(Main[[#This Row],[FechaEntrega]], 2), _xlpm.CajaEcuador, OR(Main[[#This Row],[Type of Box]]="QB", Main[[#This Row],[Type of Box]]="EB", Main[[#This Row],[Type of Box]]="HB", Main[[#This Row],[Type of Box]]="SB"), _xlpm.CajaColombia, OR(Main[[#This Row],[Type of Box]]="QB2", Main[[#This Row],[Type of Box]]="EB2"), _xlpm.EsTF, ISNUMBER(SEARCH("T/F", Main[[#This Row],[Nombre]])), _xlpm.FincaCol, OR(Main[[#This Row],[Finca]]="Plazoleta", Main[[#This Row],[Finca]]="Flowers Party", Main[[#This Row],[Finca]]="HydranFlowers", Main[[#This Row],[Finca]]="Alexandra Farms", Main[[#This Row],[Finca]]="Circasia S.A.S.", Main[[#This Row],[Finca]]="Vuelven S.A.S.", Main[[#This Row],[Finca]]="Cultivos del Norte", Main[[#This Row],[Finca]]="La Conchita"), _xlpm.DiaGuia, _xlfn.IFS( AND(_xlpm.DiaSemana=1, _xlpm.CajaEcuador), "Lunes", AND(_xlpm.DiaSemana=1, _xlpm.CajaColombia), "Lunes", AND(_xlpm.DiaSemana=2, _xlpm.CajaEcuador), "Martes", AND(_xlpm.DiaSemana=2, _xlpm.CajaColombia), "Lunes", _xlpm.DiaSemana=3, "Miercoles", AND(_xlpm.DiaSemana=4, _xlpm.CajaEcuador), "Jueves", AND(_xlpm.DiaSemana=4, _xlpm.CajaColombia), "Miercoles", AND(_xlpm.DiaSemana=5, _xlpm.CajaEcuador), "Viernes", AND(_xlpm.DiaSemana=5, _xlpm.CajaColombia), "Jueves", AND(_xlpm.DiaSemana=6, _xlpm.CajaEcuador, _xlpm.EsTF), "Sabado B", AND(_xlpm.DiaSemana=6, _xlpm.CajaEcuador), "Viernes", AND(_xlpm.DiaSemana=6, _xlpm.CajaColombia), "Viernes", TRUE, "" ), _xlpm.ColGuia, _xlfn.IFS( _xlpm.DiaSemana=3, Guias[Ecuador], _xlpm.CajaColombia, Guias[Colombia], TRUE, Guias[Ecuador] ), _xlpm.VuelosError, IFERROR(_xlfn.XLOOKUP(_xlpm.DiaGuia, Guias[Día], Guias[Vuelos])="***Error de Fecha***", FALSE), _xlpm.SemanaIncorrecta, _xlfn.ISOWEEKNUM(Main[[#This Row],[FechaEntrega]]-2) <> Guias!$M$2, IF(_xlpm.SemanaIncorrecta, "ERROR S", IF(ISNA(MATCH(Main[[#This Row],[FechaEntrega]], Guias[Fecha], 0)), "ERROR F", IF(_xlfn.XOR(_xlpm.FincaCol, _xlpm.CajaColombia), "ERROR P", IF(_xlpm.DiaGuia="", "", IF(_xlpm.VuelosError, "ERROR V", _xlfn.XLOOKUP(_xlpm.DiaGuia, Guias[Día], _xlpm.ColGuia) ) ) ) ) ) )} -> 16965 | M18: =Guias!$B$2 -> 46309 | N18: =ROUNDUP((Main[[#This Row],[Cost]]*Main[[#This Row],[Import Duties]]),2) -> 0.05 | O18: 0 | P18: 1 | Q18: 0 | R18: =ROUNDUP(Main[[#This Row],[Transport2]]/Main[[#This Row],[Cantidad_Min]],2) -> 0.73 | S18: =_xlfn.XLOOKUP(Main[[#This Row],[Type of Box]], Cajas[Nombre], Cajas[Largo]) -> 105 | T18: =_xlfn.XLOOKUP(Main[[#This Row],[Type of Box]], Cajas[Nombre], Cajas[Ancho]) -> 17 | U18: =_xlfn.XLOOKUP(Main[[#This Row],[Type of Box]], Cajas[Nombre], Cajas[Alto]) -> 17 | V18: =IF(Main[[#This Row],[Type of Box]]="", "", IF(OR(Main[[#This Row],[Type of Box]]="QB", Main[[#This Row],[Type of Box]]="EB", Main[[#This Row],[Type of Box]]="HB", Main[[#This Row],[Type of Box]]="QB2", Main[[#This Row],[Type of Box]]="EB2", Main[[#This Row],[Type of Box]]="SB"), (Main[[#This Row],[Largo2]]*Main[[#This Row],[Ancho]]*Main[[#This Row],[Alto]])/6000, ((Main[[#This Row],[Largo2]]+Sheet1!$U$2)*(Main[[#This Row],[Ancho]]+Sheet1!$U$2)*(Main[[#This Row],[Alto]]+Sheet1!$U$2))/6000)) -> 5.0575 | W18: =ROUNDUP(((Main[[#This Row],[Volumen]]*5.25))*1.36,2) -> 36.12 | X18: 0.1586 | Y18: =Main[[#This Row],[Cantidad_Min]]*Main[[#This Row],[Precio]]*Main[[#This Row],[Qty]] -> 64.5 | Z18: =_xlfn.XLOOKUP(Main[[#This Row],[Finca]], Fincas[Nombre], Fincas[ID]) -> 62 | AA18: {=_xlfn.LET( _xlpm.txt, Main[[#This Row],[Standing Orders]], _xlpm.q2num, IFERROR(VALUE(Guias!$M$2), ""), _xlpm.q2txt, UPPER(Guias!$M$2), _xlpm.weekIsOdd, IF(_xlpm.q2num<>"", MOD(_xlpm.q2num,2)=1, IF(ISNUMBER(FIND("IMPAR", _xlpm.q2txt)), TRUE, IF(ISNUMBER(FIND("PAR", _xlpm.q2txt)), FALSE, TRUE))), _xlpm.parts, IF(TRIM(_xlpm.txt)="", "", _xlfn.TOCOL(_xlfn.TEXTSPLIT(SUBSTITUTE(_xlpm.txt, CHAR(160), " "), ";"), 1)), _xlpm.build, IF(_xlfn.VALUETOTEXT(_xlpm.parts)="", "", _xlfn.MAP(_xlpm.parts, _xlfn.LAMBDA(_xlpm.r, _xlfn.LET( _xlpm.s, TRIM(_xlpm.r), _xlpm.s_upper, UPPER(_xlpm.s), _xlpm.p_marker, IF(ISNUMBER(FIND("(*IMPAR)", _xlpm.s_upper)), "impar", IF(ISNUMBER(FIND("(*PAR)", _xlpm.s_upper)), "par", "")), _xlpm.allow, IF(_xlpm.p_marker="", TRUE, IF(_xlpm.p_marker="impar", _xlpm.weekIsOdd, NOT(_xlpm.weekIsOdd))), IF(NOT(_xlpm.allow), "", _xlfn.LET( _xlpm.num, IFERROR(VALUE(LEFT(_xlpm.s, FIND(" ", _xlpm.s & " ")-1)), 0), _xlpm.rawname, TRIM(IFERROR(_xlfn.TEXTAFTER(_xlpm.s, " "), "")), _xlpm.name_pre, IFERROR(_xlfn.TEXTBEFORE(_xlpm.rawname, "["), _xlpm.rawname), _xlpm.name, TRIM(IFERROR(_xlfn.TEXTBEFORE(_xlpm.name_pre, "("), _xlpm.name_pre)), _xlpm.id, _xlfn.XLOOKUP(_xlpm.name, Vendedores[Fragmento], Vendedores[ID], ""), IF(OR(_xlpm.id="", _xlpm.num<=0), "", LEFT(REPT(_xlpm.id & ",", _xlpm.num), LEN(REPT(_xlpm.id & ",", _xlpm.num)) - 1)) ) ) ) ))), _xlpm.resultado, _xlfn.TEXTJOIN(",", TRUE, _xlpm.build), IF(_xlpm.resultado="", "", _xlpm.resultado & ",") )} -> rbaquero, | AB18: Y | AD18: 1 Ralph [Flowers by Zsuzsana]
A19: Christopher Flowers | B19: =IF(Main[[#This Row],[SendEmail]]="Y", 1, 0) -> 1 | C19: EB | D19: 50 | E19: 50 | F19: Stock Super 70cm | G19: ="Assorted Colors " & _xlfn.XLOOKUP(Main[[#This Row],[FechaEntrega]], Guias[Fecha], Guias[Llegada]) -> Assorted Colors (M/T) | H19: PO107171 | I19: 0.26 | J19: =_xlfn.LET( _xlpm.result, 1-((Main[[#This Row],[Cost]]+Main[[#This Row],[Duties]]+Main[[#This Row],[Transport]])/((Main[[#This Row],[Precio]]*0.96))), IF(_xlpm.result<0, "BAJO", IF(_xlpm.result>1, "ALTO", _xlpm.result)) ) -> 0.15364583 | K19: 1.28 | L19: {=_xlfn.LET( _xlpm.DiaSemana, WEEKDAY(Main[[#This Row],[FechaEntrega]], 2), _xlpm.CajaEcuador, OR(Main[[#This Row],[Type of Box]]="QB", Main[[#This Row],[Type of Box]]="EB", Main[[#This Row],[Type of Box]]="HB", Main[[#This Row],[Type of Box]]="SB"), _xlpm.CajaColombia, OR(Main[[#This Row],[Type of Box]]="QB2", Main[[#This Row],[Type of Box]]="EB2"), _xlpm.EsTF, ISNUMBER(SEARCH("T/F", Main[[#This Row],[Nombre]])), _xlpm.FincaCol, OR(Main[[#This Row],[Finca]]="Plazoleta", Main[[#This Row],[Finca]]="Flowers Party", Main[[#This Row],[Finca]]="HydranFlowers", Main[[#This Row],[Finca]]="Alexandra Farms", Main[[#This Row],[Finca]]="Circasia S.A.S.", Main[[#This Row],[Finca]]="Vuelven S.A.S.", Main[[#This Row],[Finca]]="Cultivos del Norte", Main[[#This Row],[Finca]]="La Conchita"), _xlpm.DiaGuia, _xlfn.IFS( AND(_xlpm.DiaSemana=1, _xlpm.CajaEcuador), "Lunes", AND(_xlpm.DiaSemana=1, _xlpm.CajaColombia), "Lunes", AND(_xlpm.DiaSemana=2, _xlpm.CajaEcuador), "Martes", AND(_xlpm.DiaSemana=2, _xlpm.CajaColombia), "Lunes", _xlpm.DiaSemana=3, "Miercoles", AND(_xlpm.DiaSemana=4, _xlpm.CajaEcuador), "Jueves", AND(_xlpm.DiaSemana=4, _xlpm.CajaColombia), "Miercoles", AND(_xlpm.DiaSemana=5, _xlpm.CajaEcuador), "Viernes", AND(_xlpm.DiaSemana=5, _xlpm.CajaColombia), "Jueves", AND(_xlpm.DiaSemana=6, _xlpm.CajaEcuador, _xlpm.EsTF), "Sabado B", AND(_xlpm.DiaSemana=6, _xlpm.CajaEcuador), "Viernes", AND(_xlpm.DiaSemana=6, _xlpm.CajaColombia), "Viernes", TRUE, "" ), _xlpm.ColGuia, _xlfn.IFS( _xlpm.DiaSemana=3, Guias[Ecuador], _xlpm.CajaColombia, Guias[Colombia], TRUE, Guias[Ecuador] ), _xlpm.VuelosError, IFERROR(_xlfn.XLOOKUP(_xlpm.DiaGuia, Guias[Día], Guias[Vuelos])="***Error de Fecha***", FALSE), _xlpm.SemanaIncorrecta, _xlfn.ISOWEEKNUM(Main[[#This Row],[FechaEntrega]]-2) <> Guias!$M$2, IF(_xlpm.SemanaIncorrecta, "ERROR S", IF(ISNA(MATCH(Main[[#This Row],[FechaEntrega]], Guias[Fecha], 0)), "ERROR F", IF(_xlfn.XOR(_xlpm.FincaCol, _xlpm.CajaColombia), "ERROR P", IF(_xlpm.DiaGuia="", "", IF(_xlpm.VuelosError, "ERROR V", _xlfn.XLOOKUP(_xlpm.DiaGuia, Guias[Día], _xlpm.ColGuia) ) ) ) ) ) )} -> 16965 | M19: =Guias!$B$2 -> 46309 | N19: =ROUNDUP((Main[[#This Row],[Cost]]*Main[[#This Row],[Import Duties]]),2) -> 0.05 | O19: 0 | P19: 1 | Q19: 0 | R19: =ROUNDUP(Main[[#This Row],[Transport2]]/Main[[#This Row],[Cantidad_Min]],2) -> 0.73 | S19: =_xlfn.XLOOKUP(Main[[#This Row],[Type of Box]], Cajas[Nombre], Cajas[Largo]) -> 105 | T19: =_xlfn.XLOOKUP(Main[[#This Row],[Type of Box]], Cajas[Nombre], Cajas[Ancho]) -> 17 | U19: =_xlfn.XLOOKUP(Main[[#This Row],[Type of Box]], Cajas[Nombre], Cajas[Alto]) -> 17 | V19: =IF(Main[[#This Row],[Type of Box]]="", "", IF(OR(Main[[#This Row],[Type of Box]]="QB", Main[[#This Row],[Type of Box]]="EB", Main[[#This Row],[Type of Box]]="HB", Main[[#This Row],[Type of Box]]="QB2", Main[[#This Row],[Type of Box]]="EB2", Main[[#This Row],[Type of Box]]="SB"), (Main[[#This Row],[Largo2]]*Main[[#This Row],[Ancho]]*Main[[#This Row],[Alto]])/6000, ((Main[[#This Row],[Largo2]]+Sheet1!$U$2)*(Main[[#This Row],[Ancho]]+Sheet1!$U$2)*(Main[[#This Row],[Alto]]+Sheet1!$U$2))/6000)) -> 5.0575 | W19: =ROUNDUP(((Main[[#This Row],[Volumen]]*5.25))*1.36,2) -> 36.12 | X19: 0.1586 | Y19: =Main[[#This Row],[Cantidad_Min]]*Main[[#This Row],[Precio]]*Main[[#This Row],[Qty]] -> 64 | Z19: =_xlfn.XLOOKUP(Main[[#This Row],[Finca]], Fincas[Nombre], Fincas[ID]) -> 62 | AA19: {=_xlfn.LET( _xlpm.txt, Main[[#This Row],[Standing Orders]], _xlpm.q2num, IFERROR(VALUE(Guias!$M$2), ""), _xlpm.q2txt, UPPER(Guias!$M$2), _xlpm.weekIsOdd, IF(_xlpm.q2num<>"", MOD(_xlpm.q2num,2)=1, IF(ISNUMBER(FIND("IMPAR", _xlpm.q2txt)), TRUE, IF(ISNUMBER(FIND("PAR", _xlpm.q2txt)), FALSE, TRUE))), _xlpm.parts, IF(TRIM(_xlpm.txt)="", "", _xlfn.TOCOL(_xlfn.TEXTSPLIT(SUBSTITUTE(_xlpm.txt, CHAR(160), " "), ";"), 1)), _xlpm.build, IF(_xlfn.VALUETOTEXT(_xlpm.parts)="", "", _xlfn.MAP(_xlpm.parts, _xlfn.LAMBDA(_xlpm.r, _xlfn.LET( _xlpm.s, TRIM(_xlpm.r), _xlpm.s_upper, UPPER(_xlpm.s), _xlpm.p_marker, IF(ISNUMBER(FIND("(*IMPAR)", _xlpm.s_upper)), "impar", IF(ISNUMBER(FIND("(*PAR)", _xlpm.s_upper)), "par", "")), _xlpm.allow, IF(_xlpm.p_marker="", TRUE, IF(_xlpm.p_marker="impar", _xlpm.weekIsOdd, NOT(_xlpm.weekIsOdd))), IF(NOT(_xlpm.allow), "", _xlfn.LET( _xlpm.num, IFERROR(VALUE(LEFT(_xlpm.s, FIND(" ", _xlpm.s & " ")-1)), 0), _xlpm.rawname, TRIM(IFERROR(_xlfn.TEXTAFTER(_xlpm.s, " "), "")), _xlpm.name_pre, IFERROR(_xlfn.TEXTBEFORE(_xlpm.rawname, "["), _xlpm.rawname), _xlpm.name, TRIM(IFERROR(_xlfn.TEXTBEFORE(_xlpm.name_pre, "("), _xlpm.name_pre)), _xlpm.id, _xlfn.XLOOKUP(_xlpm.name, Vendedores[Fragmento], Vendedores[ID], ""), IF(OR(_xlpm.id="", _xlpm.num<=0), "", LEFT(REPT(_xlpm.id & ",", _xlpm.num), LEN(REPT(_xlpm.id & ",", _xlpm.num)) - 1)) ) ) ) ))), _xlpm.resultado, _xlfn.TEXTJOIN(",", TRUE, _xlpm.build), IF(_xlpm.resultado="", "", _xlpm.resultado & ",") )} -> pbodley, | AB19: =_xlfn.LET( _xlpm.txt, Main[[#This Row],[Standing Orders]], _xlpm.q2num, IFERROR(VALUE(Guias!$M$2), ""), _xlpm.q2txt, UPPER(Guias!$M$2), _xlpm.weekIsOdd, IF(_xlpm.q2num<>"", MOD(_xlpm.q2num,2)=1, IF(ISNUMBER(FIND("IMPAR", _xlpm.q2txt)), TRUE, IF(ISNUMBER(FIND("PAR", _xlpm.q2txt)), FALSE, TRUE))), _xlpm.parity_marker, IF(ISNUMBER(FIND("(*IMPAR)", UPPER(_xlpm.txt))), "impar", IF(ISNUMBER(FIND("(*PAR)", UPPER(_xlpm.txt))), "par", "")), _xlpm.allow, IF(_xlpm.parity_marker="", TRUE, IF(_xlpm.parity_marker="impar", _xlpm.weekIsOdd, NOT(_xlpm.weekIsOdd))), IF(_xlpm.allow, "Y", "N") ) -> Y | AD19: 1 Paul (*Par) [A Wild Flower Shop]
A20: Coop Farms | B20: 1 | C20: EB | D20: 70 | E20: 70 | F20: Delphinium Mix | G20: ="Blue/Light Blue/Lavender/White " & _xlfn.XLOOKUP(Main[[#This Row],[FechaEntrega]], Guias[Fecha], Guias[Llegada]) -> Blue/Light Blue/Lavender/White (T/W) | H20: PO107172 | I20: 0.5 | J20: =_xlfn.LET( _xlpm.result, 1-((Main[[#This Row],[Cost]]+Main[[#This Row],[Duties]]+Main[[#This Row],[Transport]])/((Main[[#This Row],[Precio]]*0.96))), IF(_xlpm.result<0, "BAJO", IF(_xlpm.result>1, "ALTO", _xlpm.result)) ) -> 0.21064815 | K20: 1.4516129 | L20: {=_xlfn.LET( _xlpm.DiaSemana, WEEKDAY(Main[[#This Row],[FechaEntrega]], 2), _xlpm.CajaEcuador, OR(Main[[#This Row],[Type of Box]]="QB", Main[[#This Row],[Type of Box]]="EB", Main[[#This Row],[Type of Box]]="HB", Main[[#This Row],[Type of Box]]="SB"), _xlpm.CajaColombia, OR(Main[[#This Row],[Type of Box]]="QB2", Main[[#This Row],[Type of Box]]="EB2"), _xlpm.EsTF, ISNUMBER(SEARCH("T/F", Main[[#This Row],[Nombre]])), _xlpm.FincaCol, OR(Main[[#This Row],[Finca]]="Plazoleta", Main[[#This Row],[Finca]]="Flowers Party", Main[[#This Row],[Finca]]="HydranFlowers", Main[[#This Row],[Finca]]="Alexandra Farms", Main[[#This Row],[Finca]]="Circasia S.A.S.", Main[[#This Row],[Finca]]="Vuelven S.A.S.", Main[[#This Row],[Finca]]="Cultivos del Norte", Main[[#This Row],[Finca]]="La Conchita"), _xlpm.DiaGuia, _xlfn.IFS( AND(_xlpm.DiaSemana=1, _xlpm.CajaEcuador), "Lunes", AND(_xlpm.DiaSemana=1, _xlpm.CajaColombia), "Lunes", AND(_xlpm.DiaSemana=2, _xlpm.CajaEcuador), "Martes", AND(_xlpm.DiaSemana=2, _xlpm.CajaColombia), "Lunes", _xlpm.DiaSemana=3, "Miercoles", AND(_xlpm.DiaSemana=4, _xlpm.CajaEcuador), "Jueves", AND(_xlpm.DiaSemana=4, _xlpm.CajaColombia), "Miercoles", AND(_xlpm.DiaSemana=5, _xlpm.CajaEcuador), "Viernes", AND(_xlpm.DiaSemana=5, _xlpm.CajaColombia), "Jueves", AND(_xlpm.DiaSemana=6, _xlpm.CajaEcuador, _xlpm.EsTF), "Sabado B", AND(_xlpm.DiaSemana=6, _xlpm.CajaEcuador), "Viernes", AND(_xlpm.DiaSemana=6, _xlpm.CajaColombia), "Viernes", TRUE, "" ), _xlpm.ColGuia, _xlfn.IFS( _xlpm.DiaSemana=3, Guias[Ecuador], _xlpm.CajaColombia, Guias[Colombia], TRUE, Guias[Ecuador] ), _xlpm.VuelosError, IFERROR(_xlfn.XLOOKUP(_xlpm.DiaGuia, Guias[Día], Guias[Vuelos])="***Error de Fecha***", FALSE), _xlpm.SemanaIncorrecta, _xlfn.ISOWEEKNUM(Main[[#This Row],[FechaEntrega]]-2) <> Guias!$M$2, IF(_xlpm.SemanaIncorrecta, "ERROR S", IF(ISNA(MATCH(Main[[#This Row],[FechaEntrega]], Guias[Fecha], 0)), "ERROR F", IF(_xlfn.XOR(_xlpm.FincaCol, _xlpm.CajaColombia), "ERROR P", IF(_xlpm.DiaGuia="", "", IF(_xlpm.VuelosError, "ERROR V", _xlfn.XLOOKUP(_xlpm.DiaGuia, Guias[Día], _xlpm.ColGuia) ) ) ) ) ) )} -> 16977 | M20: =Guias!$B$3 -> 46310 | N20: =ROUNDUP((Main[[#This Row],[Cost]]*Main[[#This Row],[Import Duties]]),2) -> 0.08 | O20: 0 | P20: 1 | Q20: 0 | R20: =ROUNDUP(Main[[#This Row],[Transport2]]/Main[[#This Row],[Cantidad_Min]],2) -> 0.52 | S20: =_xlfn.XLOOKUP(Main[[#This Row],[Type of Box]], Cajas[Nombre], Cajas[Largo]) -> 105 | T20: =_xlfn.XLOOKUP(Main[[#This Row],[Type of Box]], Cajas[Nombre], Cajas[Ancho]) -> 17 | U20: =_xlfn.XLOOKUP(Main[[#This Row],[Type of Box]], Cajas[Nombre], Cajas[Alto]) -> 17 | V20: =IF(Main[[#This Row],[Type of Box]]="", "", IF(OR(Main[[#This Row],[Type of Box]]="QB", Main[[#This Row],[Type of Box]]="EB", Main[[#This Row],[Type of Box]]="HB", Main[[#This Row],[Type of Box]]="QB2", Main[[#This Row],[Type of Box]]="EB2", Main[[#This Row],[Type of Box]]="SB"), (Main[[#This Row],[Largo2]]*Main[[#This Row],[Ancho]]*Main[[#This Row],[Alto]])/6000, ((Main[[#This Row],[Largo2]]+Sheet1!$U$2)*(Main[[#This Row],[Ancho]]+Sheet1!$U$2)*(Main[[#This Row],[Alto]]+Sheet1!$U$2))/6000)) -> 5.0575 | W20: =ROUNDUP(((Main[[#This Row],[Volumen]]*5.25))*1.36,2) -> 36.12 | X20: 0.1586 | Y20: =Main[[#This Row],[Cantidad_Min]]*Main[[#This Row],[Precio]]*Main[[#This Row],[Qty]] -> 101.6129 | Z20: =_xlfn.XLOOKUP(Main[[#This Row],[Finca]], Fincas[Nombre], Fincas[ID]) -> 43 | AA20: {=_xlfn.LET( _xlpm.txt, Main[[#This Row],[Standing Orders]], _xlpm.q2num, IFERROR(VALUE(Guias!$M$2), ""), _xlpm.q2txt, UPPER(Guias!$M$2), _xlpm.weekIsOdd, IF(_xlpm.q2num<>"", MOD(_xlpm.q2num,2)=1, IF(ISNUMBER(FIND("IMPAR", _xlpm.q2txt)), TRUE, IF(ISNUMBER(FIND("PAR", _xlpm.q2txt)), FALSE, TRUE))), _xlpm.parts, IF(TRIM(_xlpm.txt)="", "", _xlfn.TOCOL(_xlfn.TEXTSPLIT(SUBSTITUTE(_xlpm.txt, CHAR(160), " "), ";"), 1)), _xlpm.build, IF(_xlfn.VALUETOTEXT(_xlpm.parts)="", "", _xlfn.MAP(_xlpm.parts, _xlfn.LAMBDA(_xlpm.r, _xlfn.LET( _xlpm.s, TRIM(_xlpm.r), _xlpm.s_upper, UPPER(_xlpm.s), _xlpm.p_marker, IF(ISNUMBER(FIND("(*IMPAR)", _xlpm.s_upper)), "impar", IF(ISNUMBER(FIND("(*PAR)", _xlpm.s_upper)), "par", "")), _xlpm.allow, IF(_xlpm.p_marker="", TRUE, IF(_xlpm.p_marker="impar", _xlpm.weekIsOdd, NOT(_xlpm.weekIsOdd))), IF(NOT(_xlpm.allow), "", _xlfn.LET( _xlpm.num, IFERROR(VALUE(LEFT(_xlpm.s, FIND(" ", _xlpm.s & " ")-1)), 0), _xlpm.rawname, TRIM(IFERROR(_xlfn.TEXTAFTER(_xlpm.s, " "), "")), _xlpm.name_pre, IFERROR(_xlfn.TEXTBEFORE(_xlpm.rawname, "["), _xlpm.rawname), _xlpm.name, TRIM(IFERROR(_xlfn.TEXTBEFORE(_xlpm.name_pre, "("), _xlpm.name_pre)), _xlpm.id, _xlfn.XLOOKUP(_xlpm.name, Vendedores[Fragmento], Vendedores[ID], ""), IF(OR(_xlpm.id="", _xlpm.num<=0), "", LEFT(REPT(_xlpm.id & ",", _xlpm.num), LEN(REPT(_xlpm.id & ",", _xlpm.num)) - 1)) ) ) ) ))), _xlpm.resultado, _xlfn.TEXTJOIN(",", TRUE, _xlpm.build), IF(_xlpm.resultado="", "", _xlpm.resultado & ",") )} -> fparamo, | AB20: Y | AD20: 1 Fausto [Grande Flowers Shorewood WI]
A21: Coop Farms | B21: 1 | C21: EB | D21: 70 | E21: 70 | F21: Delphinium Mix | G21: ="Blue/Light Blue/Lavender/White " & _xlfn.XLOOKUP(Main[[#This Row],[FechaEntrega]], Guias[Fecha], Guias[Llegada]) -> Blue/Light Blue/Lavender/White (T/W) | H21: PO107173 | I21: 0.5 | J21: =_xlfn.LET( _xlpm.result, 1-((Main[[#This Row],[Cost]]+Main[[#This Row],[Duties]]+Main[[#This Row],[Transport]])/((Main[[#This Row],[Precio]]*0.96))), IF(_xlpm.result<0, "BAJO", IF(_xlpm.result>1, "ALTO", _xlpm.result)) ) -> 0.24116998 | K21: 1.51 | L21: {=_xlfn.LET( _xlpm.DiaSemana, WEEKDAY(Main[[#This Row],[FechaEntrega]], 2), _xlpm.CajaEcuador, OR(Main[[#This Row],[Type of Box]]="QB", Main[[#This Row],[Type of Box]]="EB", Main[[#This Row],[Type of Box]]="HB", Main[[#This Row],[Type of Box]]="SB"), _xlpm.CajaColombia, OR(Main[[#This Row],[Type of Box]]="QB2", Main[[#This Row],[Type of Box]]="EB2"), _xlpm.EsTF, ISNUMBER(SEARCH("T/F", Main[[#This Row],[Nombre]])), _xlpm.FincaCol, OR(Main[[#This Row],[Finca]]="Plazoleta", Main[[#This Row],[Finca]]="Flowers Party", Main[[#This Row],[Finca]]="HydranFlowers", Main[[#This Row],[Finca]]="Alexandra Farms", Main[[#This Row],[Finca]]="Circasia S.A.S.", Main[[#This Row],[Finca]]="Vuelven S.A.S.", Main[[#This Row],[Finca]]="Cultivos del Norte", Main[[#This Row],[Finca]]="La Conchita"), _xlpm.DiaGuia, _xlfn.IFS( AND(_xlpm.DiaSemana=1, _xlpm.CajaEcuador), "Lunes", AND(_xlpm.DiaSemana=1, _xlpm.CajaColombia), "Lunes", AND(_xlpm.DiaSemana=2, _xlpm.CajaEcuador), "Martes", AND(_xlpm.DiaSemana=2, _xlpm.CajaColombia), "Lunes", _xlpm.DiaSemana=3, "Miercoles", AND(_xlpm.DiaSemana=4, _xlpm.CajaEcuador), "Jueves", AND(_xlpm.DiaSemana=4, _xlpm.CajaColombia), "Miercoles", AND(_xlpm.DiaSemana=5, _xlpm.CajaEcuador), "Viernes", AND(_xlpm.DiaSemana=5, _xlpm.CajaColombia), "Jueves", AND(_xlpm.DiaSemana=6, _xlpm.CajaEcuador, _xlpm.EsTF), "Sabado B", AND(_xlpm.DiaSemana=6, _xlpm.CajaEcuador), "Viernes", AND(_xlpm.DiaSemana=6, _xlpm.CajaColombia), "Viernes", TRUE, "" ), _xlpm.ColGuia, _xlfn.IFS( _xlpm.DiaSemana=3, Guias[Ecuador], _xlpm.CajaColombia, Guias[Colombia], TRUE, Guias[Ecuador] ), _xlpm.VuelosError, IFERROR(_xlfn.XLOOKUP(_xlpm.DiaGuia, Guias[Día], Guias[Vuelos])="***Error de Fecha***", FALSE), _xlpm.SemanaIncorrecta, _xlfn.ISOWEEKNUM(Main[[#This Row],[FechaEntrega]]-2) <> Guias!$M$2, IF(_xlpm.SemanaIncorrecta, "ERROR S", IF(ISNA(MATCH(Main[[#This Row],[FechaEntrega]], Guias[Fecha], 0)), "ERROR F", IF(_xlfn.XOR(_xlpm.FincaCol, _xlpm.CajaColombia), "ERROR P", IF(_xlpm.DiaGuia="", "", IF(_xlpm.VuelosError, "ERROR V", _xlfn.XLOOKUP(_xlpm.DiaGuia, Guias[Día], _xlpm.ColGuia) ) ) ) ) ) )} -> 16977 | M21: =Guias!$B$3 -> 46310 | N21: =ROUNDUP((Main[[#This Row],[Cost]]*Main[[#This Row],[Import Duties]]),2) -> 0.08 | O21: 0 | P21: 1 | Q21: 0 | R21: =ROUNDUP(Main[[#This Row],[Transport2]]/Main[[#This Row],[Cantidad_Min]],2) -> 0.52 | S21: =_xlfn.XLOOKUP(Main[[#This Row],[Type of Box]], Cajas[Nombre], Cajas[Largo]) -> 105 | T21: =_xlfn.XLOOKUP(Main[[#This Row],[Type of Box]], Cajas[Nombre], Cajas[Ancho]) -> 17 | U21: =_xlfn.XLOOKUP(Main[[#This Row],[Type of Box]], Cajas[Nombre], Cajas[Alto]) -> 17 | V21: =IF(Main[[#This Row],[Type of Box]]="", "", IF(OR(Main[[#This Row],[Type of Box]]="QB", Main[[#This Row],[Type of Box]]="EB", Main[[#This Row],[Type of Box]]="HB", Main[[#This Row],[Type of Box]]="QB2", Main[[#This Row],[Type of Box]]="EB2", Main[[#This Row],[Type of Box]]="SB"), (Main[[#This Row],[Largo2]]*Main[[#This Row],[Ancho]]*Main[[#This Row],[Alto]])/6000, ((Main[[#This Row],[Largo2]]+Sheet1!$U$2)*(Main[[#This Row],[Ancho]]+Sheet1!$U$2)*(Main[[#This Row],[Alto]]+Sheet1!$U$2))/6000)) -> 5.0575 | W21: =ROUNDUP(((Main[[#This Row],[Volumen]]*5.25))*1.36,2) -> 36.12 | X21: 0.1586 | Y21: =Main[[#This Row],[Cantidad_Min]]*Main[[#This Row],[Precio]]*Main[[#This Row],[Qty]] -> 105.7 | Z21: =_xlfn.XLOOKUP(Main[[#This Row],[Finca]], Fincas[Nombre], Fincas[ID]) -> 43 | AA21: {=_xlfn.LET( _xlpm.txt, Main[[#This Row],[Standing Orders]], _xlpm.q2num, IFERROR(VALUE(Guias!$M$2), ""), _xlpm.q2txt, UPPER(Guias!$M$2), _xlpm.weekIsOdd, IF(_xlpm.q2num<>"", MOD(_xlpm.q2num,2)=1, IF(ISNUMBER(FIND("IMPAR", _xlpm.q2txt)), TRUE, IF(ISNUMBER(FIND("PAR", _xlpm.q2txt)), FALSE, TRUE))), _xlpm.parts, IF(TRIM(_xlpm.txt)="", "", _xlfn.TOCOL(_xlfn.TEXTSPLIT(SUBSTITUTE(_xlpm.txt, CHAR(160), " "), ";"), 1)), _xlpm.build, IF(_xlfn.VALUETOTEXT(_xlpm.parts)="", "", _xlfn.MAP(_xlpm.parts, _xlfn.LAMBDA(_xlpm.r, _xlfn.LET( _xlpm.s, TRIM(_xlpm.r), _xlpm.s_upper, UPPER(_xlpm.s), _xlpm.p_marker, IF(ISNUMBER(FIND("(*IMPAR)", _xlpm.s_upper)), "impar", IF(ISNUMBER(FIND("(*PAR)", _xlpm.s_upper)), "par", "")), _xlpm.allow, IF(_xlpm.p_marker="", TRUE, IF(_xlpm.p_marker="impar", _xlpm.weekIsOdd, NOT(_xlpm.weekIsOdd))), IF(NOT(_xlpm.allow), "", _xlfn.LET( _xlpm.num, IFERROR(VALUE(LEFT(_xlpm.s, FIND(" ", _xlpm.s & " ")-1)), 0), _xlpm.rawname, TRIM(IFERROR(_xlfn.TEXTAFTER(_xlpm.s, " "), "")), _xlpm.name_pre, IFERROR(_xlfn.TEXTBEFORE(_xlpm.rawname, "["), _xlpm.rawname), _xlpm.name, TRIM(IFERROR(_xlfn.TEXTBEFORE(_xlpm.name_pre, "("), _xlpm.name_pre)), _xlpm.id, _xlfn.XLOOKUP(_xlpm.name, Vendedores[Fragmento], Vendedores[ID], ""), IF(OR(_xlpm.id="", _xlpm.num<=0), "", LEFT(REPT(_xlpm.id & ",", _xlpm.num), LEN(REPT(_xlpm.id & ",", _xlpm.num)) - 1)) ) ) ) ))), _xlpm.resultado, _xlfn.TEXTJOIN(",", TRUE, _xlpm.build), IF(_xlpm.resultado="", "", _xlpm.resultado & ",") )} -> cmera, | AB21: Y | AD21: 1 Joss [Eugene s Flower Home OR]
A22: Coop Farms | B22: 1 | C22: EB | D22: 70 | E22: 70 | F22: Delphinium Mix | G22: ="Blue/Light Blue/Lavender/White " & _xlfn.XLOOKUP(Main[[#This Row],[FechaEntrega]], Guias[Fecha], Guias[Llegada]) -> Blue/Light Blue/Lavender/White (T/W) | H22: PO107174 | I22: 0.5 | J22: =_xlfn.LET( _xlpm.result, 1-((Main[[#This Row],[Cost]]+Main[[#This Row],[Duties]]+Main[[#This Row],[Transport]])/((Main[[#This Row],[Precio]]*0.96))), IF(_xlpm.result<0, "BAJO", IF(_xlpm.result>1, "ALTO", _xlpm.result)) ) -> 0.23098434 | K22: =IF(OR(AND(ISNUMBER(FIND("(*PAR)", UPPER(Main[[#This Row],[Standing Orders]]))), MOD(IFERROR(VALUE(Guias!$M$2),0),2)=0), AND(ISNUMBER(FIND("(*IMPAR)", UPPER(Main[[#This Row],[Standing Orders]]))), MOD(IFERROR(VALUE(Guias!$M$2), 0),2)=1)), 1.51, 1.49) -> 1.49 | L22: {=_xlfn.LET( _xlpm.DiaSemana, WEEKDAY(Main[[#This Row],[FechaEntrega]], 2), _xlpm.CajaEcuador, OR(Main[[#This Row],[Type of Box]]="QB", Main[[#This Row],[Type of Box]]="EB", Main[[#This Row],[Type of Box]]="HB", Main[[#This Row],[Type of Box]]="SB"), _xlpm.CajaColombia, OR(Main[[#This Row],[Type of Box]]="QB2", Main[[#This Row],[Type of Box]]="EB2"), _xlpm.EsTF, ISNUMBER(SEARCH("T/F", Main[[#This Row],[Nombre]])), _xlpm.FincaCol, OR(Main[[#This Row],[Finca]]="Plazoleta", Main[[#This Row],[Finca]]="Flowers Party", Main[[#This Row],[Finca]]="HydranFlowers", Main[[#This Row],[Finca]]="Alexandra Farms", Main[[#This Row],[Finca]]="Circasia S.A.S.", Main[[#This Row],[Finca]]="Vuelven S.A.S.", Main[[#This Row],[Finca]]="Cultivos del Norte", Main[[#This Row],[Finca]]="La Conchita"), _xlpm.DiaGuia, _xlfn.IFS( AND(_xlpm.DiaSemana=1, _xlpm.CajaEcuador), "Lunes", AND(_xlpm.DiaSemana=1, _xlpm.CajaColombia), "Lunes", AND(_xlpm.DiaSemana=2, _xlpm.CajaEcuador), "Martes", AND(_xlpm.DiaSemana=2, _xlpm.CajaColombia), "Lunes", _xlpm.DiaSemana=3, "Miercoles", AND(_xlpm.DiaSemana=4, _xlpm.CajaEcuador), "Jueves", AND(_xlpm.DiaSemana=4, _xlpm.CajaColombia), "Miercoles", AND(_xlpm.DiaSemana=5, _xlpm.CajaEcuador), "Viernes", AND(_xlpm.DiaSemana=5, _xlpm.CajaColombia), "Jueves", AND(_xlpm.DiaSemana=6, _xlpm.CajaEcuador, _xlpm.EsTF), "Sabado B", AND(_xlpm.DiaSemana=6, _xlpm.CajaEcuador), "Viernes", AND(_xlpm.DiaSemana=6, _xlpm.CajaColombia), "Viernes", TRUE, "" ), _xlpm.ColGuia, _xlfn.IFS( _xlpm.DiaSemana=3, Guias[Ecuador], _xlpm.CajaColombia, Guias[Colombia], TRUE, Guias[Ecuador] ), _xlpm.VuelosError, IFERROR(_xlfn.XLOOKUP(_xlpm.DiaGuia, Guias[Día], Guias[Vuelos])="***Error de Fecha***", FALSE), _xlpm.SemanaIncorrecta, _xlfn.ISOWEEKNUM(Main[[#This Row],[FechaEntrega]]-2) <> Guias!$M$2, IF(_xlpm.SemanaIncorrecta, "ERROR S", IF(ISNA(MATCH(Main[[#This Row],[FechaEntrega]], Guias[Fecha], 0)), "ERROR F", IF(_xlfn.XOR(_xlpm.FincaCol, _xlpm.CajaColombia), "ERROR P", IF(_xlpm.DiaGuia="", "", IF(_xlpm.VuelosError, "ERROR V", _xlfn.XLOOKUP(_xlpm.DiaGuia, Guias[Día], _xlpm.ColGuia) ) ) ) ) ) )} -> 16977 | M22: =Guias!$B$3 -> 46310 | N22: =ROUNDUP((Main[[#This Row],[Cost]]*Main[[#This Row],[Import Duties]]),2) -> 0.08 | O22: 0 | P22: 1 | Q22: 0 | R22: =ROUNDUP(Main[[#This Row],[Transport2]]/Main[[#This Row],[Cantidad_Min]],2) -> 0.52 | S22: =_xlfn.XLOOKUP(Main[[#This Row],[Type of Box]], Cajas[Nombre], Cajas[Largo]) -> 105 | T22: =_xlfn.XLOOKUP(Main[[#This Row],[Type of Box]], Cajas[Nombre], Cajas[Ancho]) -> 17 | U22: =_xlfn.XLOOKUP(Main[[#This Row],[Type of Box]], Cajas[Nombre], Cajas[Alto]) -> 17 | V22: =IF(Main[[#This Row],[Type of Box]]="", "", IF(OR(Main[[#This Row],[Type of Box]]="QB", Main[[#This Row],[Type of Box]]="EB", Main[[#This Row],[Type of Box]]="HB", Main[[#This Row],[Type of Box]]="QB2", Main[[#This Row],[Type of Box]]="EB2", Main[[#This Row],[Type of Box]]="SB"), (Main[[#This Row],[Largo2]]*Main[[#This Row],[Ancho]]*Main[[#This Row],[Alto]])/6000, ((Main[[#This Row],[Largo2]]+Sheet1!$U$2)*(Main[[#This Row],[Ancho]]+Sheet1!$U$2)*(Main[[#This Row],[Alto]]+Sheet1!$U$2))/6000)) -> 5.0575 | W22: =ROUNDUP(((Main[[#This Row],[Volumen]]*5.25))*1.36,2) -> 36.12 | X22: 0.1586 | Y22: =Main[[#This Row],[Cantidad_Min]]*Main[[#This Row],[Precio]]*Main[[#This Row],[Qty]] -> 104.3 | Z22: =_xlfn.XLOOKUP(Main[[#This Row],[Finca]], Fincas[Nombre], Fincas[ID]) -> 43 | AA22: {=_xlfn.LET( _xlpm.txt, Main[[#This Row],[Standing Orders]], _xlpm.q2num, IFERROR(VALUE(Guias!$M$2), ""), _xlpm.q2txt, UPPER(Guias!$M$2), _xlpm.weekIsOdd, IF(_xlpm.q2num<>"", MOD(_xlpm.q2num,2)=1, IF(ISNUMBER(FIND("IMPAR", _xlpm.q2txt)), TRUE, IF(ISNUMBER(FIND("PAR", _xlpm.q2txt)), FALSE, TRUE))), _xlpm.parts, IF(TRIM(_xlpm.txt)="", "", _xlfn.TOCOL(_xlfn.TEXTSPLIT(SUBSTITUTE(_xlpm.txt, CHAR(160), " "), ";"), 1)), _xlpm.build, IF(_xlfn.VALUETOTEXT(_xlpm.parts)="", "", _xlfn.MAP(_xlpm.parts, _xlfn.LAMBDA(_xlpm.r, _xlfn.LET( _xlpm.s, TRIM(_xlpm.r), _xlpm.s_upper, UPPER(_xlpm.s), _xlpm.p_marker, IF(ISNUMBER(FIND("(*IMPAR)", _xlpm.s_upper)), "impar", IF(ISNUMBER(FIND("(*PAR)", _xlpm.s_upper)), "par", "")), _xlpm.allow, IF(_xlpm.p_marker="", TRUE, IF(_xlpm.p_marker="impar", _xlpm.weekIsOdd, NOT(_xlpm.weekIsOdd))), IF(NOT(_xlpm.allow), "", _xlfn.LET( _xlpm.num, IFERROR(VALUE(LEFT(_xlpm.s, FIND(" ", _xlpm.s & " ")-1)), 0), _xlpm.rawname, TRIM(IFERROR(_xlfn.TEXTAFTER(_xlpm.s, " "), "")), _xlpm.name_pre, IFERROR(_xlfn.TEXTBEFORE(_xlpm.rawname, "["), _xlpm.rawname), _xlpm.name, TRIM(IFERROR(_xlfn.TEXTBEFORE(_xlpm.name_pre, "("), _xlpm.name_pre)), _xlpm.id, _xlfn.XLOOKUP(_xlpm.name, Vendedores[Fragmento], Vendedores[ID], ""), IF(OR(_xlpm.id="", _xlpm.num<=0), "", LEFT(REPT(_xlpm.id & ",", _xlpm.num), LEN(REPT(_xlpm.id & ",", _xlpm.num)) - 1)) ) ) ) ))), _xlpm.resultado, _xlfn.TEXTJOIN(",", TRUE, _xlpm.build), IF(_xlpm.resultado="", "", _xlpm.resultado & ",") )} | AB22: Y | AD22: 1 Joss (*Impar) [The Possie Shoppe]
A23: Coop Farms | B23: 5 | C23: EB | D23: 70 | E23: 70 | F23: Delphinium Mix | G23: ="Blue/Light Blue/Lavender/White " & _xlfn.XLOOKUP(Main[[#This Row],[FechaEntrega]], Guias[Fecha], Guias[Llegada]) -> Blue/Light Blue/Lavender/White (T/W) | H23: PO107175 | I23: 0.5 | J23: =_xlfn.LET( _xlpm.result, 1-((Main[[#This Row],[Cost]]+Main[[#This Row],[Duties]]+Main[[#This Row],[Transport]])/((Main[[#This Row],[Precio]]*0.96))), IF(_xlpm.result<0, "BAJO", IF(_xlpm.result>1, "ALTO", _xlpm.result)) ) -> 0.23098434 | K23: 1.49 | L23: {=_xlfn.LET( _xlpm.DiaSemana, WEEKDAY(Main[[#This Row],[FechaEntrega]], 2), _xlpm.CajaEcuador, OR(Main[[#This Row],[Type of Box]]="QB", Main[[#This Row],[Type of Box]]="EB", Main[[#This Row],[Type of Box]]="HB", Main[[#This Row],[Type of Box]]="SB"), _xlpm.CajaColombia, OR(Main[[#This Row],[Type of Box]]="QB2", Main[[#This Row],[Type of Box]]="EB2"), _xlpm.EsTF, ISNUMBER(SEARCH("T/F", Main[[#This Row],[Nombre]])), _xlpm.FincaCol, OR(Main[[#This Row],[Finca]]="Plazoleta", Main[[#This Row],[Finca]]="Flowers Party", Main[[#This Row],[Finca]]="HydranFlowers", Main[[#This Row],[Finca]]="Alexandra Farms", Main[[#This Row],[Finca]]="Circasia S.A.S.", Main[[#This Row],[Finca]]="Vuelven S.A.S.", Main[[#This Row],[Finca]]="Cultivos del Norte", Main[[#This Row],[Finca]]="La Conchita"), _xlpm.DiaGuia, _xlfn.IFS( AND(_xlpm.DiaSemana=1, _xlpm.CajaEcuador), "Lunes", AND(_xlpm.DiaSemana=1, _xlpm.CajaColombia), "Lunes", AND(_xlpm.DiaSemana=2, _xlpm.CajaEcuador), "Martes", AND(_xlpm.DiaSemana=2, _xlpm.CajaColombia), "Lunes", _xlpm.DiaSemana=3, "Miercoles", AND(_xlpm.DiaSemana=4, _xlpm.CajaEcuador), "Jueves", AND(_xlpm.DiaSemana=4, _xlpm.CajaColombia), "Miercoles", AND(_xlpm.DiaSemana=5, _xlpm.CajaEcuador), "Viernes", AND(_xlpm.DiaSemana=5, _xlpm.CajaColombia), "Jueves", AND(_xlpm.DiaSemana=6, _xlpm.CajaEcuador, _xlpm.EsTF), "Sabado B", AND(_xlpm.DiaSemana=6, _xlpm.CajaEcuador), "Viernes", AND(_xlpm.DiaSemana=6, _xlpm.CajaColombia), "Viernes", TRUE, "" ), _xlpm.ColGuia, _xlfn.IFS( _xlpm.DiaSemana=3, Guias[Ecuador], _xlpm.CajaColombia, Guias[Colombia], TRUE, Guias[Ecuador] ), _xlpm.VuelosError, IFERROR(_xlfn.XLOOKUP(_xlpm.DiaGuia, Guias[Día], Guias[Vuelos])="***Error de Fecha***", FALSE), _xlpm.SemanaIncorrecta, _xlfn.ISOWEEKNUM(Main[[#This Row],[FechaEntrega]]-2) <> Guias!$M$2, IF(_xlpm.SemanaIncorrecta, "ERROR S", IF(ISNA(MATCH(Main[[#This Row],[FechaEntrega]], Guias[Fecha], 0)), "ERROR F", IF(_xlfn.XOR(_xlpm.FincaCol, _xlpm.CajaColombia), "ERROR P", IF(_xlpm.DiaGuia="", "", IF(_xlpm.VuelosError, "ERROR V", _xlfn.XLOOKUP(_xlpm.DiaGuia, Guias[Día], _xlpm.ColGuia) ) ) ) ) ) )} -> 16977 | M23: =Guias!$B$3 -> 46310 | N23: =ROUNDUP((Main[[#This Row],[Cost]]*Main[[#This Row],[Import Duties]]),2) -> 0.08 | O23: 0 | P23: 1 | Q23: 0 | R23: =ROUNDUP(Main[[#This Row],[Transport2]]/Main[[#This Row],[Cantidad_Min]],2) -> 0.52 | S23: =_xlfn.XLOOKUP(Main[[#This Row],[Type of Box]], Cajas[Nombre], Cajas[Largo]) -> 105 | T23: =_xlfn.XLOOKUP(Main[[#This Row],[Type of Box]], Cajas[Nombre], Cajas[Ancho]) -> 17 | U23: =_xlfn.XLOOKUP(Main[[#This Row],[Type of Box]], Cajas[Nombre], Cajas[Alto]) -> 17 | V23: =IF(Main[[#This Row],[Type of Box]]="", "", IF(OR(Main[[#This Row],[Type of Box]]="QB", Main[[#This Row],[Type of Box]]="EB", Main[[#This Row],[Type of Box]]="HB", Main[[#This Row],[Type of Box]]="QB2", Main[[#This Row],[Type of Box]]="EB2", Main[[#This Row],[Type of Box]]="SB"), (Main[[#This Row],[Largo2]]*Main[[#This Row],[Ancho]]*Main[[#This Row],[Alto]])/6000, ((Main[[#This Row],[Largo2]]+Sheet1!$U$2)*(Main[[#This Row],[Ancho]]+Sheet1!$U$2)*(Main[[#This Row],[Alto]]+Sheet1!$U$2))/6000)) -> 5.0575 | W23: =ROUNDUP(((Main[[#This Row],[Volumen]]*5.25))*1.36,2) -> 36.12 | X23: 0.1586 | Y23: =Main[[#This Row],[Cantidad_Min]]*Main[[#This Row],[Precio]]*Main[[#This Row],[Qty]] -> 521.5 | Z23: =_xlfn.XLOOKUP(Main[[#This Row],[Finca]], Fincas[Nombre], Fincas[ID]) -> 43 | AA23: {=_xlfn.LET( _xlpm.txt, Main[[#This Row],[Standing Orders]], _xlpm.q2num, IFERROR(VALUE(Guias!$M$2), ""), _xlpm.q2txt, UPPER(Guias!$M$2), _xlpm.weekIsOdd, IF(_xlpm.q2num<>"", MOD(_xlpm.q2num,2)=1, IF(ISNUMBER(FIND("IMPAR", _xlpm.q2txt)), TRUE, IF(ISNUMBER(FIND("PAR", _xlpm.q2txt)), FALSE, TRUE))), _xlpm.parts, IF(TRIM(_xlpm.txt)="", "", _xlfn.TOCOL(_xlfn.TEXTSPLIT(SUBSTITUTE(_xlpm.txt, CHAR(160), " "), ";"), 1)), _xlpm.build, IF(_xlfn.VALUETOTEXT(_xlpm.parts)="", "", _xlfn.MAP(_xlpm.parts, _xlfn.LAMBDA(_xlpm.r, _xlfn.LET( _xlpm.s, TRIM(_xlpm.r), _xlpm.s_upper, UPPER(_xlpm.s), _xlpm.p_marker, IF(ISNUMBER(FIND("(*IMPAR)", _xlpm.s_upper)), "impar", IF(ISNUMBER(FIND("(*PAR)", _xlpm.s_upper)), "par", "")), _xlpm.allow, IF(_xlpm.p_marker="", TRUE, IF(_xlpm.p_marker="impar", _xlpm.weekIsOdd, NOT(_xlpm.weekIsOdd))), IF(NOT(_xlpm.allow), "", _xlfn.LET( _xlpm.num, IFERROR(VALUE(LEFT(_xlpm.s, FIND(" ", _xlpm.s & " ")-1)), 0), _xlpm.rawname, TRIM(IFERROR(_xlfn.TEXTAFTER(_xlpm.s, " "), "")), _xlpm.name_pre, IFERROR(_xlfn.TEXTBEFORE(_xlpm.rawname, "["), _xlpm.rawname), _xlpm.name, TRIM(IFERROR(_xlfn.TEXTBEFORE(_xlpm.name_pre, "("), _xlpm.name_pre)), _xlpm.id, _xlfn.XLOOKUP(_xlpm.name, Vendedores[Fragmento], Vendedores[ID], ""), IF(OR(_xlpm.id="", _xlpm.num<=0), "", LEFT(REPT(_xlpm.id & ",", _xlpm.num), LEN(REPT(_xlpm.id & ",", _xlpm.num)) - 1)) ) ) ) ))), _xlpm.resultado, _xlfn.TEXTJOIN(",", TRUE, _xlpm.build), IF(_xlpm.resultado="", "", _xlpm.resultado & ",") )} -> mcabrera,mcabrera, | AB23: Y | AD23: 1 Majo [The Florist at Moana NV];1 Majo [United Family Flower NY]
A24: Cultivos del Norte | B24: 5 | C24: QB2 | D24: 140 | E24: 140 | F24: CDN 70cm | G24: ="Assorted Colors " & _xlfn.XLOOKUP(Main[[#This Row],[FechaEntrega]], Guias[Fecha], Guias[Llegada]) -> Assorted Colors (W/T) | H24: PO107176 | I24: 0.2 | J24: =_xlfn.LET( _xlpm.result, 1-((Main[[#This Row],[Cost]]+Main[[#This Row],[Duties]]+Main[[#This Row],[Transport]])/((Main[[#This Row],[Precio]]*0.96))), IF(_xlpm.result<0, "BAJO", IF(_xlpm.result>1, "ALTO", _xlpm.result)) ) -> 0.25595238 | K24: 1.19 | L24: {=_xlfn.LET( _xlpm.DiaSemana, WEEKDAY(Main[[#This Row],[FechaEntrega]], 2), _xlpm.CajaEcuador, OR(Main[[#This Row],[Type of Box]]="QB", Main[[#This Row],[Type of Box]]="EB", Main[[#This Row],[Type of Box]]="HB", Main[[#This Row],[Type of Box]]="SB"), _xlpm.CajaColombia, OR(Main[[#This Row],[Type of Box]]="QB2", Main[[#This Row],[Type of Box]]="EB2"), _xlpm.EsTF, ISNUMBER(SEARCH("T/F", Main[[#This Row],[Nombre]])), _xlpm.FincaCol, OR(Main[[#This Row],[Finca]]="Plazoleta", Main[[#This Row],[Finca]]="Flowers Party", Main[[#This Row],[Finca]]="HydranFlowers", Main[[#This Row],[Finca]]="Alexandra Farms", Main[[#This Row],[Finca]]="Circasia S.A.S.", Main[[#This Row],[Finca]]="Vuelven S.A.S.", Main[[#This Row],[Finca]]="Cultivos del Norte", Main[[#This Row],[Finca]]="La Conchita"), _xlpm.DiaGuia, _xlfn.IFS( AND(_xlpm.DiaSemana=1, _xlpm.CajaEcuador), "Lunes", AND(_xlpm.DiaSemana=1, _xlpm.CajaColombia), "Lunes", AND(_xlpm.DiaSemana=2, _xlpm.CajaEcuador), "Martes", AND(_xlpm.DiaSemana=2, _xlpm.CajaColombia), "Lunes", _xlpm.DiaSemana=3, "Miercoles", AND(_xlpm.DiaSemana=4, _xlpm.CajaEcuador), "Jueves", AND(_xlpm.DiaSemana=4, _xlpm.CajaColombia), "Miercoles", AND(_xlpm.DiaSemana=5, _xlpm.CajaEcuador), "Viernes", AND(_xlpm.DiaSemana=5, _xlpm.CajaColombia), "Jueves", AND(_xlpm.DiaSemana=6, _xlpm.CajaEcuador, _xlpm.EsTF), "Sabado B", AND(_xlpm.DiaSemana=6, _xlpm.CajaEcuador), "Viernes", AND(_xlpm.DiaSemana=6, _xlpm.CajaColombia), "Viernes", TRUE, "" ), _xlpm.ColGuia, _xlfn.IFS( _xlpm.DiaSemana=3, Guias[Ecuador], _xlpm.CajaColombia, Guias[Colombia], TRUE, Guias[Ecuador] ), _xlpm.VuelosError, IFERROR(_xlfn.XLOOKUP(_xlpm.DiaGuia, Guias[Día], Guias[Vuelos])="***Error de Fecha***", FALSE), _xlpm.SemanaIncorrecta, _xlfn.ISOWEEKNUM(Main[[#This Row],[FechaEntrega]]-2) <> Guias!$M$2, IF(_xlpm.SemanaIncorrecta, "ERROR S", IF(ISNA(MATCH(Main[[#This Row],[FechaEntrega]], Guias[Fecha], 0)), "ERROR F", IF(_xlfn.XOR(_xlpm.FincaCol, _xlpm.CajaColombia), "ERROR P", IF(_xlpm.DiaGuia="", "", IF(_xlpm.VuelosError, "ERROR V", _xlfn.XLOOKUP(_xlpm.DiaGuia, Guias[Día], _xlpm.ColGuia) ) ) ) ) ) )} -> 16978 | M24: =Guias!$B$4 -> 46311 | N24: =ROUNDUP((Main[[#This Row],[Cost]]*Main[[#This Row],[Import Duties]]),2) -> 0.04 | O24: 0 | P24: 1 | Q24: 0 | R24: =ROUNDUP(Main[[#This Row],[Transport2]]/Main[[#This Row],[Cantidad_Min]],2) -> 0.61 | S24: =_xlfn.XLOOKUP(Main[[#This Row],[Type of Box]], Cajas[Nombre], Cajas[Largo]) -> 85 | T24: =_xlfn.XLOOKUP(Main[[#This Row],[Type of Box]], Cajas[Nombre], Cajas[Ancho]) -> 30 | U24: =_xlfn.XLOOKUP(Main[[#This Row],[Type of Box]], Cajas[Nombre], Cajas[Alto]) -> 28 | V24: =IF(Main[[#This Row],[Type of Box]]="", "", IF(OR(Main[[#This Row],[Type of Box]]="QB", Main[[#This Row],[Type of Box]]="EB", Main[[#This Row],[Type of Box]]="HB", Main[[#This Row],[Type of Box]]="QB2", Main[[#This Row],[Type of Box]]="EB2", Main[[#This Row],[Type of Box]]="SB"), (Main[[#This Row],[Largo2]]*Main[[#This Row],[Ancho]]*Main[[#This Row],[Alto]])/6000, ((Main[[#This Row],[Largo2]]+Sheet1!$U$2)*(Main[[#This Row],[Ancho]]+Sheet1!$U$2)*(Main[[#This Row],[Alto]]+Sheet1!$U$2))/6000)) -> 11.9 | W24: =ROUNDUP(((Main[[#This Row],[Volumen]]*5.25))*1.36,2) -> 84.97 | X24: 0.1586 | Y24: =Main[[#This Row],[Cantidad_Min]]*Main[[#This Row],[Precio]]*Main[[#This Row],[Qty]] -> 833 | Z24: =_xlfn.XLOOKUP(Main[[#This Row],[Finca]], Fincas[Nombre], Fincas[ID]) -> 98 | AA24: {=_xlfn.LET( _xlpm.txt, Main[[#This Row],[Standing Orders]], _xlpm.q2num, IFERROR(VALUE(Guias!$M$2), ""), _xlpm.q2txt, UPPER(Guias!$M$2), _xlpm.weekIsOdd, IF(_xlpm.q2num<>"", MOD(_xlpm.q2num,2)=1, IF(ISNUMBER(FIND("IMPAR", _xlpm.q2txt)), TRUE, IF(ISNUMBER(FIND("PAR", _xlpm.q2txt)), FALSE, TRUE))), _xlpm.parts, IF(TRIM(_xlpm.txt)="", "", _xlfn.TOCOL(_xlfn.TEXTSPLIT(SUBSTITUTE(_xlpm.txt, CHAR(160), " "), ";"), 1)), _xlpm.build, IF(_xlfn.VALUETOTEXT(_xlpm.parts)="", "", _xlfn.MAP(_xlpm.parts, _xlfn.LAMBDA(_xlpm.r, _xlfn.LET( _xlpm.s, TRIM(_xlpm.r), _xlpm.s_upper, UPPER(_xlpm.s), _xlpm.p_marker, IF(ISNUMBER(FIND("(*IMPAR)", _xlpm.s_upper)), "impar", IF(ISNUMBER(FIND("(*PAR)", _xlpm.s_upper)), "par", "")), _xlpm.allow, IF(_xlpm.p_marker="", TRUE, IF(_xlpm.p_marker="impar", _xlpm.weekIsOdd, NOT(_xlpm.weekIsOdd))), IF(NOT(_xlpm.allow), "", _xlfn.LET( _xlpm.num, IFERROR(VALUE(LEFT(_xlpm.s, FIND(" ", _xlpm.s & " ")-1)), 0), _xlpm.rawname, TRIM(IFERROR(_xlfn.TEXTAFTER(_xlpm.s, " "), "")), _xlpm.name_pre, IFERROR(_xlfn.TEXTBEFORE(_xlpm.rawname, "["), _xlpm.rawname), _xlpm.name, TRIM(IFERROR(_xlfn.TEXTBEFORE(_xlpm.name_pre, "("), _xlpm.name_pre)), _xlpm.id, _xlfn.XLOOKUP(_xlpm.name, Vendedores[Fragmento], Vendedores[ID], ""), IF(OR(_xlpm.id="", _xlpm.num<=0), "", LEFT(REPT(_xlpm.id & ",", _xlpm.num), LEN(REPT(_xlpm.id & ",", _xlpm.num)) - 1)) ) ) ) ))), _xlpm.resultado, _xlfn.TEXTJOIN(",", TRUE, _xlpm.build), IF(_xlpm.resultado="", "", _xlpm.resultado & ",") )} | AB24: Y
A25: Eden | B25: 2 | C25: QB | D25: 100 | E25: 100 | F25: Garden Roses 40/50cm | G25: ="50 Catalina/50 Sweet Catalina " & _xlfn.XLOOKUP(Main[[#This Row],[FechaEntrega]], Guias[Fecha], Guias[Llegada]) -> 50 Catalina/50 Sweet Catalina (T/W) | H25: PO107177 | I25: 0.65 | J25: =_xlfn.LET( _xlpm.result, 1-((Main[[#This Row],[Cost]]+Main[[#This Row],[Duties]]+Main[[#This Row],[Transport]])/((Main[[#This Row],[Precio]]*0.96))), IF(_xlpm.result<0, "BAJO", IF(_xlpm.result>1, "ALTO", _xlpm.result)) ) -> 0.25641892 | K25: 1.9892473 | L25: {=_xlfn.LET( _xlpm.DiaSemana, WEEKDAY(Main[[#This Row],[FechaEntrega]], 2), _xlpm.CajaEcuador, OR(Main[[#This Row],[Type of Box]]="QB", Main[[#This Row],[Type of Box]]="EB", Main[[#This Row],[Type of Box]]="HB", Main[[#This Row],[Type of Box]]="SB"), _xlpm.CajaColombia, OR(Main[[#This Row],[Type of Box]]="QB2", Main[[#This Row],[Type of Box]]="EB2"), _xlpm.EsTF, ISNUMBER(SEARCH("T/F", Main[[#This Row],[Nombre]])), _xlpm.FincaCol, OR(Main[[#This Row],[Finca]]="Plazoleta", Main[[#This Row],[Finca]]="Flowers Party", Main[[#This Row],[Finca]]="HydranFlowers", Main[[#This Row],[Finca]]="Alexandra Farms", Main[[#This Row],[Finca]]="Circasia S.A.S.", Main[[#This Row],[Finca]]="Vuelven S.A.S.", Main[[#This Row],[Finca]]="Cultivos del Norte", Main[[#This Row],[Finca]]="La Conchita"), _xlpm.DiaGuia, _xlfn.IFS( AND(_xlpm.DiaSemana=1, _xlpm.CajaEcuador), "Lunes", AND(_xlpm.DiaSemana=1, _xlpm.CajaColombia), "Lunes", AND(_xlpm.DiaSemana=2, _xlpm.CajaEcuador), "Martes", AND(_xlpm.DiaSemana=2, _xlpm.CajaColombia), "Lunes", _xlpm.DiaSemana=3, "Miercoles", AND(_xlpm.DiaSemana=4, _xlpm.CajaEcuador), "Jueves", AND(_xlpm.DiaSemana=4, _xlpm.CajaColombia), "Miercoles", AND(_xlpm.DiaSemana=5, _xlpm.CajaEcuador), "Viernes", AND(_xlpm.DiaSemana=5, _xlpm.CajaColombia), "Jueves", AND(_xlpm.DiaSemana=6, _xlpm.CajaEcuador, _xlpm.EsTF), "Sabado B", AND(_xlpm.DiaSemana=6, _xlpm.CajaEcuador), "Viernes", AND(_xlpm.DiaSemana=6, _xlpm.CajaColombia), "Viernes", TRUE, "" ), _xlpm.ColGuia, _xlfn.IFS( _xlpm.DiaSemana=3, Guias[Ecuador], _xlpm.CajaColombia, Guias[Colombia], TRUE, Guias[Ecuador] ), _xlpm.VuelosError, IFERROR(_xlfn.XLOOKUP(_xlpm.DiaGuia, Guias[Día], Guias[Vuelos])="***Error de Fecha***", FALSE), _xlpm.SemanaIncorrecta, _xlfn.ISOWEEKNUM(Main[[#This Row],[FechaEntrega]]-2) <> Guias!$M$2, IF(_xlpm.SemanaIncorrecta, "ERROR S", IF(ISNA(MATCH(Main[[#This Row],[FechaEntrega]], Guias[Fecha], 0)), "ERROR F", IF(_xlfn.XOR(_xlpm.FincaCol, _xlpm.CajaColombia), "ERROR P", IF(_xlpm.DiaGuia="", "", IF(_xlpm.VuelosError, "ERROR V", _xlfn.XLOOKUP(_xlpm.DiaGuia, Guias[Día], _xlpm.ColGuia) ) ) ) ) ) )} -> 16977 | M25: =Guias!$B$3 -> 46310 | N25: =ROUNDUP((Main[[#This Row],[Cost]]*Main[[#This Row],[Import Duties]]),2) -> 0.11 | O25: 0 | P25: 1 | Q25: 0 | R25: =ROUNDUP(Main[[#This Row],[Transport2]]/Main[[#This Row],[Cantidad_Min]],2) -> 0.66 | S25: =_xlfn.XLOOKUP(Main[[#This Row],[Type of Box]], Cajas[Nombre], Cajas[Largo]) -> 99 | T25: =_xlfn.XLOOKUP(Main[[#This Row],[Type of Box]], Cajas[Nombre], Cajas[Ancho]) -> 35 | U25: =_xlfn.XLOOKUP(Main[[#This Row],[Type of Box]], Cajas[Nombre], Cajas[Alto]) -> 16 | V25: =IF(Main[[#This Row],[Type of Box]]="", "", IF(OR(Main[[#This Row],[Type of Box]]="QB", Main[[#This Row],[Type of Box]]="EB", Main[[#This Row],[Type of Box]]="HB", Main[[#This Row],[Type of Box]]="QB2", Main[[#This Row],[Type of Box]]="EB2", Main[[#This Row],[Type of Box]]="SB"), (Main[[#This Row],[Largo2]]*Main[[#This Row],[Ancho]]*Main[[#This Row],[Alto]])/6000, ((Main[[#This Row],[Largo2]]+Sheet1!$U$2)*(Main[[#This Row],[Ancho]]+Sheet1!$U$2)*(Main[[#This Row],[Alto]]+Sheet1!$U$2))/6000)) -> 9.24 | W25: =ROUNDUP(((Main[[#This Row],[Volumen]]*5.25))*1.36,2) -> 65.98 | X25: 0.1586 | Y25: =Main[[#This Row],[Cantidad_Min]]*Main[[#This Row],[Precio]]*Main[[#This Row],[Qty]] -> 397.84946 | Z25: =_xlfn.XLOOKUP(Main[[#This Row],[Finca]], Fincas[Nombre], Fincas[ID]) -> 106 | AA25: {=_xlfn.LET( _xlpm.txt, Main[[#This Row],[Standing Orders]], _xlpm.q2num, IFERROR(VALUE(Guias!$M$2), ""), _xlpm.q2txt, UPPER(Guias!$M$2), _xlpm.weekIsOdd, IF(_xlpm.q2num<>"", MOD(_xlpm.q2num,2)=1, IF(ISNUMBER(FIND("IMPAR", _xlpm.q2txt)), TRUE, IF(ISNUMBER(FIND("PAR", _xlpm.q2txt)), FALSE, TRUE))), _xlpm.parts, IF(TRIM(_xlpm.txt)="", "", _xlfn.TOCOL(_xlfn.TEXTSPLIT(SUBSTITUTE(_xlpm.txt, CHAR(160), " "), ";"), 1)), _xlpm.build, IF(_xlfn.VALUETOTEXT(_xlpm.parts)="", "", _xlfn.MAP(_xlpm.parts, _xlfn.LAMBDA(_xlpm.r, _xlfn.LET( _xlpm.s, TRIM(_xlpm.r), _xlpm.s_upper, UPPER(_xlpm.s), _xlpm.p_marker, IF(ISNUMBER(FIND("(*IMPAR)", _xlpm.s_upper)), "impar", IF(ISNUMBER(FIND("(*PAR)", _xlpm.s_upper)), "par", "")), _xlpm.allow, IF(_xlpm.p_marker="", TRUE, IF(_xlpm.p_marker="impar", _xlpm.weekIsOdd, NOT(_xlpm.weekIsOdd))), IF(NOT(_xlpm.allow), "", _xlfn.LET( _xlpm.num, IFERROR(VALUE(LEFT(_xlpm.s, FIND(" ", _xlpm.s & " ")-1)), 0), _xlpm.rawname, TRIM(IFERROR(_xlfn.TEXTAFTER(_xlpm.s, " "), "")), _xlpm.name_pre, IFERROR(_xlfn.TEXTBEFORE(_xlpm.rawname, "["), _xlpm.rawname), _xlpm.name, TRIM(IFERROR(_xlfn.TEXTBEFORE(_xlpm.name_pre, "("), _xlpm.name_pre)), _xlpm.id, _xlfn.XLOOKUP(_xlpm.name, Vendedores[Fragmento], Vendedores[ID], ""), IF(OR(_xlpm.id="", _xlpm.num<=0), "", LEFT(REPT(_xlpm.id & ",", _xlpm.num), LEN(REPT(_xlpm.id & ",", _xlpm.num)) - 1)) ) ) ) ))), _xlpm.resultado, _xlfn.TEXTJOIN(",", TRUE, _xlpm.build), IF(_xlpm.resultado="", "", _xlpm.resultado & ",") )} | AB25: Y
A26: Flodecol | B26: 2 | C26: EB | D26: 8 | E26: 8 | F26: Gypsophilia Xlence | G26: 250g. (T/F) | H26: PO107178 | I26: 2.3 | J26: =_xlfn.LET( _xlpm.result, 1-((Main[[#This Row],[Cost]]+Main[[#This Row],[Duties]]+Main[[#This Row],[Transport]])/((Main[[#This Row],[Precio]]*0.96))), IF(_xlpm.result<0, "BAJO", IF(_xlpm.result>1, "ALTO", _xlpm.result)) ) -> 0.20238729 | K26: 9.39 | L26: {=_xlfn.LET( _xlpm.DiaSemana, WEEKDAY(Main[[#This Row],[FechaEntrega]], 2), _xlpm.CajaEcuador, OR(Main[[#This Row],[Type of Box]]="QB", Main[[#This Row],[Type of Box]]="EB", Main[[#This Row],[Type of Box]]="HB", Main[[#This Row],[Type of Box]]="SB"), _xlpm.CajaColombia, OR(Main[[#This Row],[Type of Box]]="QB2", Main[[#This Row],[Type of Box]]="EB2"), _xlpm.EsTF, ISNUMBER(SEARCH("T/F", Main[[#This Row],[Nombre]])), _xlpm.FincaCol, OR(Main[[#This Row],[Finca]]="Plazoleta", Main[[#This Row],[Finca]]="Flowers Party", Main[[#This Row],[Finca]]="HydranFlowers", Main[[#This Row],[Finca]]="Alexandra Farms", Main[[#This Row],[Finca]]="Circasia S.A.S.", Main[[#This Row],[Finca]]="Vuelven S.A.S.", Main[[#This Row],[Finca]]="Cultivos del Norte", Main[[#This Row],[Finca]]="La Conchita"), _xlpm.DiaGuia, _xlfn.IFS( AND(_xlpm.DiaSemana=1, _xlpm.CajaEcuador), "Lunes", AND(_xlpm.DiaSemana=1, _xlpm.CajaColombia), "Lunes", AND(_xlpm.DiaSemana=2, _xlpm.CajaEcuador), "Martes", AND(_xlpm.DiaSemana=2, _xlpm.CajaColombia), "Lunes", _xlpm.DiaSemana=3, "Miercoles", AND(_xlpm.DiaSemana=4, _xlpm.CajaEcuador), "Jueves", AND(_xlpm.DiaSemana=4, _xlpm.CajaColombia), "Miercoles", AND(_xlpm.DiaSemana=5, _xlpm.CajaEcuador), "Viernes", AND(_xlpm.DiaSemana=5, _xlpm.CajaColombia), "Jueves", AND(_xlpm.DiaSemana=6, _xlpm.CajaEcuador, _xlpm.EsTF), "Sabado B", AND(_xlpm.DiaSemana=6, _xlpm.CajaEcuador), "Viernes", AND(_xlpm.DiaSemana=6, _xlpm.CajaColombia), "Viernes", TRUE, "" ), _xlpm.ColGuia, _xlfn.IFS( _xlpm.DiaSemana=3, Guias[Ecuador], _xlpm.CajaColombia, Guias[Colombia], TRUE, Guias[Ecuador] ), _xlpm.VuelosError, IFERROR(_xlfn.XLOOKUP(_xlpm.DiaGuia, Guias[Día], Guias[Vuelos])="***Error de Fecha***", FALSE), _xlpm.SemanaIncorrecta, _xlfn.ISOWEEKNUM(Main[[#This Row],[FechaEntrega]]-2) <> Guias!$M$2, IF(_xlpm.SemanaIncorrecta, "ERROR S", IF(ISNA(MATCH(Main[[#This Row],[FechaEntrega]], Guias[Fecha], 0)), "ERROR F", IF(_xlfn.XOR(_xlpm.FincaCol, _xlpm.CajaColombia), "ERROR P", IF(_xlpm.DiaGuia="", "", IF(_xlpm.VuelosError, "ERROR V", _xlfn.XLOOKUP(_xlpm.DiaGuia, Guias[Día], _xlpm.ColGuia) ) ) ) ) ) )} -> 16952 | M26: =Guias!$B$7 -> 46314 | N26: =ROUNDUP((Main[[#This Row],[Cost]]*Main[[#This Row],[Import Duties]]),2) -> 0.37 | O26: 0 | P26: 1 | Q26: 0 | R26: =ROUNDUP(Main[[#This Row],[Transport2]]/Main[[#This Row],[Cantidad_Min]],2) -> 4.52 | S26: =_xlfn.XLOOKUP(Main[[#This Row],[Type of Box]], Cajas[Nombre], Cajas[Largo]) -> 105 | T26: =_xlfn.XLOOKUP(Main[[#This Row],[Type of Box]], Cajas[Nombre], Cajas[Ancho]) -> 17 | U26: =_xlfn.XLOOKUP(Main[[#This Row],[Type of Box]], Cajas[Nombre], Cajas[Alto]) -> 17 | V26: =IF(Main[[#This Row],[Type of Box]]="", "", IF(OR(Main[[#This Row],[Type of Box]]="QB", Main[[#This Row],[Type of Box]]="EB", Main[[#This Row],[Type of Box]]="HB", Main[[#This Row],[Type of Box]]="QB2", Main[[#This Row],[Type of Box]]="EB2", Main[[#This Row],[Type of Box]]="SB"), (Main[[#This Row],[Largo2]]*Main[[#This Row],[Ancho]]*Main[[#This Row],[Alto]])/6000, ((Main[[#This Row],[Largo2]]+Sheet1!$U$2)*(Main[[#This Row],[Ancho]]+Sheet1!$U$2)*(Main[[#This Row],[Alto]]+Sheet1!$U$2))/6000)) -> 5.0575 | W26: =ROUNDUP(((Main[[#This Row],[Volumen]]*5.25))*1.36,2) -> 36.12 | X26: 0.1586 | Y26: =Main[[#This Row],[Cantidad_Min]]*Main[[#This Row],[Precio]]*Main[[#This Row],[Qty]] -> 150.24 | Z26: =_xlfn.XLOOKUP(Main[[#This Row],[Finca]], Fincas[Nombre], Fincas[ID]) -> 74 | AA26: {=_xlfn.LET( _xlpm.txt, Main[[#This Row],[Standing Orders]], _xlpm.q2num, IFERROR(VALUE(Guias!$M$2), ""), _xlpm.q2txt, UPPER(Guias!$M$2), _xlpm.weekIsOdd, IF(_xlpm.q2num<>"", MOD(_xlpm.q2num,2)=1, IF(ISNUMBER(FIND("IMPAR", _xlpm.q2txt)), TRUE, IF(ISNUMBER(FIND("PAR", _xlpm.q2txt)), FALSE, TRUE))), _xlpm.parts, IF(TRIM(_xlpm.txt)="", "", _xlfn.TOCOL(_xlfn.TEXTSPLIT(SUBSTITUTE(_xlpm.txt, CHAR(160), " "), ";"), 1)), _xlpm.build, IF(_xlfn.VALUETOTEXT(_xlpm.parts)="", "", _xlfn.MAP(_xlpm.parts, _xlfn.LAMBDA(_xlpm.r, _xlfn.LET( _xlpm.s, TRIM(_xlpm.r), _xlpm.s_upper, UPPER(_xlpm.s), _xlpm.p_marker, IF(ISNUMBER(FIND("(*IMPAR)", _xlpm.s_upper)), "impar", IF(ISNUMBER(FIND("(*PAR)", _xlpm.s_upper)), "par", "")), _xlpm.allow, IF(_xlpm.p_marker="", TRUE, IF(_xlpm.p_marker="impar", _xlpm.weekIsOdd, NOT(_xlpm.weekIsOdd))), IF(NOT(_xlpm.allow), "", _xlfn.LET( _xlpm.num, IFERROR(VALUE(LEFT(_xlpm.s, FIND(" ", _xlpm.s & " ")-1)), 0), _xlpm.rawname, TRIM(IFERROR(_xlfn.TEXTAFTER(_xlpm.s, " "), "")), _xlpm.name_pre, IFERROR(_xlfn.TEXTBEFORE(_xlpm.rawname, "["), _xlpm.rawname), _xlpm.name, TRIM(IFERROR(_xlfn.TEXTBEFORE(_xlpm.name_pre, "("), _xlpm.name_pre)), _xlpm.id, _xlfn.XLOOKUP(_xlpm.name, Vendedores[Fragmento], Vendedores[ID], ""), IF(OR(_xlpm.id="", _xlpm.num<=0), "", LEFT(REPT(_xlpm.id & ",", _xlpm.num), LEN(REPT(_xlpm.id & ",", _xlpm.num)) - 1)) ) ) ) ))), _xlpm.resultado, _xlfn.TEXTJOIN(",", TRUE, _xlpm.build), IF(_xlpm.resultado="", "", _xlpm.resultado & ",") )} | AB26: Y | AD26: 2 Ben (*Impar) [The Bloom Flowery WA]
A27: Flodecol | B27: 1 | C27: EB | D27: 70 | E27: 70 | F27: Delphinium Mix | G27: Seawaltz/Skywaltz (T/F) | H27: PO107179 | I27: 0.41 | J27: =_xlfn.LET( _xlpm.result, 1-((Main[[#This Row],[Cost]]+Main[[#This Row],[Duties]]+Main[[#This Row],[Transport]])/((Main[[#This Row],[Precio]]*0.96))), IF(_xlpm.result<0, "BAJO", IF(_xlpm.result>1, "ALTO", _xlpm.result)) ) -> 0.30089485 | K27: 1.49 | L27: {=_xlfn.LET( _xlpm.DiaSemana, WEEKDAY(Main[[#This Row],[FechaEntrega]], 2), _xlpm.CajaEcuador, OR(Main[[#This Row],[Type of Box]]="QB", Main[[#This Row],[Type of Box]]="EB", Main[[#This Row],[Type of Box]]="HB", Main[[#This Row],[Type of Box]]="SB"), _xlpm.CajaColombia, OR(Main[[#This Row],[Type of Box]]="QB2", Main[[#This Row],[Type of Box]]="EB2"), _xlpm.EsTF, ISNUMBER(SEARCH("T/F", Main[[#This Row],[Nombre]])), _xlpm.FincaCol, OR(Main[[#This Row],[Finca]]="Plazoleta", Main[[#This Row],[Finca]]="Flowers Party", Main[[#This Row],[Finca]]="HydranFlowers", Main[[#This Row],[Finca]]="Alexandra Farms", Main[[#This Row],[Finca]]="Circasia S.A.S.", Main[[#This Row],[Finca]]="Vuelven S.A.S.", Main[[#This Row],[Finca]]="Cultivos del Norte", Main[[#This Row],[Finca]]="La Conchita"), _xlpm.DiaGuia, _xlfn.IFS( AND(_xlpm.DiaSemana=1, _xlpm.CajaEcuador), "Lunes", AND(_xlpm.DiaSemana=1, _xlpm.CajaColombia), "Lunes", AND(_xlpm.DiaSemana=2, _xlpm.CajaEcuador), "Martes", AND(_xlpm.DiaSemana=2, _xlpm.CajaColombia), "Lunes", _xlpm.DiaSemana=3, "Miercoles", AND(_xlpm.DiaSemana=4, _xlpm.CajaEcuador), "Jueves", AND(_xlpm.DiaSemana=4, _xlpm.CajaColombia), "Miercoles", AND(_xlpm.DiaSemana=5, _xlpm.CajaEcuador), "Viernes", AND(_xlpm.DiaSemana=5, _xlpm.CajaColombia), "Jueves", AND(_xlpm.DiaSemana=6, _xlpm.CajaEcuador, _xlpm.EsTF), "Sabado B", AND(_xlpm.DiaSemana=6, _xlpm.CajaEcuador), "Viernes", AND(_xlpm.DiaSemana=6, _xlpm.CajaColombia), "Viernes", TRUE, "" ), _xlpm.ColGuia, _xlfn.IFS( _xlpm.DiaSemana=3, Guias[Ecuador], _xlpm.CajaColombia, Guias[Colombia], TRUE, Guias[Ecuador] ), _xlpm.VuelosError, IFERROR(_xlfn.XLOOKUP(_xlpm.DiaGuia, Guias[Día], Guias[Vuelos])="***Error de Fecha***", FALSE), _xlpm.SemanaIncorrecta, _xlfn.ISOWEEKNUM(Main[[#This Row],[FechaEntrega]]-2) <> Guias!$M$2, IF(_xlpm.SemanaIncorrecta, "ERROR S", IF(ISNA(MATCH(Main[[#This Row],[FechaEntrega]], Guias[Fecha], 0)), "ERROR F", IF(_xlfn.XOR(_xlpm.FincaCol, _xlpm.CajaColombia), "ERROR P", IF(_xlpm.DiaGuia="", "", IF(_xlpm.VuelosError, "ERROR V", _xlfn.XLOOKUP(_xlpm.DiaGuia, Guias[Día], _xlpm.ColGuia) ) ) ) ) ) )} -> 16952 | M27: =Guias!$B$7 -> 46314 | N27: =ROUNDUP((Main[[#This Row],[Cost]]*Main[[#This Row],[Import Duties]]),2) -> 0.07 | O27: 0 | P27: 1 | Q27: 0 | R27: =ROUNDUP(Main[[#This Row],[Transport2]]/Main[[#This Row],[Cantidad_Min]],2) -> 0.52 | S27: =_xlfn.XLOOKUP(Main[[#This Row],[Type of Box]], Cajas[Nombre], Cajas[Largo]) -> 105 | T27: =_xlfn.XLOOKUP(Main[[#This Row],[Type of Box]], Cajas[Nombre], Cajas[Ancho]) -> 17 | U27: =_xlfn.XLOOKUP(Main[[#This Row],[Type of Box]], Cajas[Nombre], Cajas[Alto]) -> 17 | V27: =IF(Main[[#This Row],[Type of Box]]="", "", IF(OR(Main[[#This Row],[Type of Box]]="QB", Main[[#This Row],[Type of Box]]="EB", Main[[#This Row],[Type of Box]]="HB", Main[[#This Row],[Type of Box]]="QB2", Main[[#This Row],[Type of Box]]="EB2", Main[[#This Row],[Type of Box]]="SB"), (Main[[#This Row],[Largo2]]*Main[[#This Row],[Ancho]]*Main[[#This Row],[Alto]])/6000, ((Main[[#This Row],[Largo2]]+Sheet1!$U$2)*(Main[[#This Row],[Ancho]]+Sheet1!$U$2)*(Main[[#This Row],[Alto]]+Sheet1!$U$2))/6000)) -> 5.0575 | W27: =ROUNDUP(((Main[[#This Row],[Volumen]]*5.25))*1.36,2) -> 36.12 | X27: 0.1586 | Y27: =Main[[#This Row],[Cantidad_Min]]*Main[[#This Row],[Precio]]*Main[[#This Row],[Qty]] -> 104.3 | Z27: =_xlfn.XLOOKUP(Main[[#This Row],[Finca]], Fincas[Nombre], Fincas[ID]) -> 74 | AA27: {=_xlfn.LET( _xlpm.txt, Main[[#This Row],[Standing Orders]], _xlpm.q2num, IFERROR(VALUE(Guias!$M$2), ""), _xlpm.q2txt, UPPER(Guias!$M$2), _xlpm.weekIsOdd, IF(_xlpm.q2num<>"", MOD(_xlpm.q2num,2)=1, IF(ISNUMBER(FIND("IMPAR", _xlpm.q2txt)), TRUE, IF(ISNUMBER(FIND("PAR", _xlpm.q2txt)), FALSE, TRUE))), _xlpm.parts, IF(TRIM(_xlpm.txt)="", "", _xlfn.TOCOL(_xlfn.TEXTSPLIT(SUBSTITUTE(_xlpm.txt, CHAR(160), " "), ";"), 1)), _xlpm.build, IF(_xlfn.VALUETOTEXT(_xlpm.parts)="", "", _xlfn.MAP(_xlpm.parts, _xlfn.LAMBDA(_xlpm.r, _xlfn.LET( _xlpm.s, TRIM(_xlpm.r), _xlpm.s_upper, UPPER(_xlpm.s), _xlpm.p_marker, IF(ISNUMBER(FIND("(*IMPAR)", _xlpm.s_upper)), "impar", IF(ISNUMBER(FIND("(*PAR)", _xlpm.s_upper)), "par", "")), _xlpm.allow, IF(_xlpm.p_marker="", TRUE, IF(_xlpm.p_marker="impar", _xlpm.weekIsOdd, NOT(_xlpm.weekIsOdd))), IF(NOT(_xlpm.allow), "", _xlfn.LET( _xlpm.num, IFERROR(VALUE(LEFT(_xlpm.s, FIND(" ", _xlpm.s & " ")-1)), 0), _xlpm.rawname, TRIM(IFERROR(_xlfn.TEXTAFTER(_xlpm.s, " "), "")), _xlpm.name_pre, IFERROR(_xlfn.TEXTBEFORE(_xlpm.rawname, "["), _xlpm.rawname), _xlpm.name, TRIM(IFERROR(_xlfn.TEXTBEFORE(_xlpm.name_pre, "("), _xlpm.name_pre)), _xlpm.id, _xlfn.XLOOKUP(_xlpm.name, Vendedores[Fragmento], Vendedores[ID], ""), IF(OR(_xlpm.id="", _xlpm.num<=0), "", LEFT(REPT(_xlpm.id & ",", _xlpm.num), LEN(REPT(_xlpm.id & ",", _xlpm.num)) - 1)) ) ) ) ))), _xlpm.resultado, _xlfn.TEXTJOIN(",", TRUE, _xlpm.build), IF(_xlpm.resultado="", "", _xlpm.resultado & ",") )} -> cmera, | AB27: Y | AD27: 1 Joss [Eugene s Flower Home OR]
A28: Flodecol | B28: 1 | C28: EB | D28: 70 | E28: 70 | F28: Delphinium Mix | G28: 20 Seawaltz/50 Skywaltz (T/F) | H28: PO107180 | I28: 0.41 | J28: =_xlfn.LET( _xlpm.result, 1-((Main[[#This Row],[Cost]]+Main[[#This Row],[Duties]]+Main[[#This Row],[Transport]])/((Main[[#This Row],[Precio]]*0.96))), IF(_xlpm.result<0, "BAJO", IF(_xlpm.result>1, "ALTO", _xlpm.result)) ) -> 0.30089485 | K28: 1.49 | L28: {=_xlfn.LET( _xlpm.DiaSemana, WEEKDAY(Main[[#This Row],[FechaEntrega]], 2), _xlpm.CajaEcuador, OR(Main[[#This Row],[Type of Box]]="QB", Main[[#This Row],[Type of Box]]="EB", Main[[#This Row],[Type of Box]]="HB", Main[[#This Row],[Type of Box]]="SB"), _xlpm.CajaColombia, OR(Main[[#This Row],[Type of Box]]="QB2", Main[[#This Row],[Type of Box]]="EB2"), _xlpm.EsTF, ISNUMBER(SEARCH("T/F", Main[[#This Row],[Nombre]])), _xlpm.FincaCol, OR(Main[[#This Row],[Finca]]="Plazoleta", Main[[#This Row],[Finca]]="Flowers Party", Main[[#This Row],[Finca]]="HydranFlowers", Main[[#This Row],[Finca]]="Alexandra Farms", Main[[#This Row],[Finca]]="Circasia S.A.S.", Main[[#This Row],[Finca]]="Vuelven S.A.S.", Main[[#This Row],[Finca]]="Cultivos del Norte", Main[[#This Row],[Finca]]="La Conchita"), _xlpm.DiaGuia, _xlfn.IFS( AND(_xlpm.DiaSemana=1, _xlpm.CajaEcuador), "Lunes", AND(_xlpm.DiaSemana=1, _xlpm.CajaColombia), "Lunes", AND(_xlpm.DiaSemana=2, _xlpm.CajaEcuador), "Martes", AND(_xlpm.DiaSemana=2, _xlpm.CajaColombia), "Lunes", _xlpm.DiaSemana=3, "Miercoles", AND(_xlpm.DiaSemana=4, _xlpm.CajaEcuador), "Jueves", AND(_xlpm.DiaSemana=4, _xlpm.CajaColombia), "Miercoles", AND(_xlpm.DiaSemana=5, _xlpm.CajaEcuador), "Viernes", AND(_xlpm.DiaSemana=5, _xlpm.CajaColombia), "Jueves", AND(_xlpm.DiaSemana=6, _xlpm.CajaEcuador, _xlpm.EsTF), "Sabado B", AND(_xlpm.DiaSemana=6, _xlpm.CajaEcuador), "Viernes", AND(_xlpm.DiaSemana=6, _xlpm.CajaColombia), "Viernes", TRUE, "" ), _xlpm.ColGuia, _xlfn.IFS( _xlpm.DiaSemana=3, Guias[Ecuador], _xlpm.CajaColombia, Guias[Colombia], TRUE, Guias[Ecuador] ), _xlpm.VuelosError, IFERROR(_xlfn.XLOOKUP(_xlpm.DiaGuia, Guias[Día], Guias[Vuelos])="***Error de Fecha***", FALSE), _xlpm.SemanaIncorrecta, _xlfn.ISOWEEKNUM(Main[[#This Row],[FechaEntrega]]-2) <> Guias!$M$2, IF(_xlpm.SemanaIncorrecta, "ERROR S", IF(ISNA(MATCH(Main[[#This Row],[FechaEntrega]], Guias[Fecha], 0)), "ERROR F", IF(_xlfn.XOR(_xlpm.FincaCol, _xlpm.CajaColombia), "ERROR P", IF(_xlpm.DiaGuia="", "", IF(_xlpm.VuelosError, "ERROR V", _xlfn.XLOOKUP(_xlpm.DiaGuia, Guias[Día], _xlpm.ColGuia) ) ) ) ) ) )} -> 16952 | M28: =Guias!$B$7 -> 46314 | N28: =ROUNDUP((Main[[#This Row],[Cost]]*Main[[#This Row],[Import Duties]]),2) -> 0.07 | O28: 0 | P28: 1 | Q28: 0 | R28: =ROUNDUP(Main[[#This Row],[Transport2]]/Main[[#This Row],[Cantidad_Min]],2) -> 0.52 | S28: =_xlfn.XLOOKUP(Main[[#This Row],[Type of Box]], Cajas[Nombre], Cajas[Largo]) -> 105 | T28: =_xlfn.XLOOKUP(Main[[#This Row],[Type of Box]], Cajas[Nombre], Cajas[Ancho]) -> 17 | U28: =_xlfn.XLOOKUP(Main[[#This Row],[Type of Box]], Cajas[Nombre], Cajas[Alto]) -> 17 | V28: =IF(Main[[#This Row],[Type of Box]]="", "", IF(OR(Main[[#This Row],[Type of Box]]="QB", Main[[#This Row],[Type of Box]]="EB", Main[[#This Row],[Type of Box]]="HB", Main[[#This Row],[Type of Box]]="QB2", Main[[#This Row],[Type of Box]]="EB2", Main[[#This Row],[Type of Box]]="SB"), (Main[[#This Row],[Largo2]]*Main[[#This Row],[Ancho]]*Main[[#This Row],[Alto]])/6000, ((Main[[#This Row],[Largo2]]+Sheet1!$U$2)*(Main[[#This Row],[Ancho]]+Sheet1!$U$2)*(Main[[#This Row],[Alto]]+Sheet1!$U$2))/6000)) -> 5.0575 | W28: =ROUNDUP(((Main[[#This Row],[Volumen]]*5.25))*1.36,2) -> 36.12 | X28: 0.1586 | Y28: =Main[[#This Row],[Cantidad_Min]]*Main[[#This Row],[Precio]]*Main[[#This Row],[Qty]] -> 104.3 | Z28: =_xlfn.XLOOKUP(Main[[#This Row],[Finca]], Fincas[Nombre], Fincas[ID]) -> 74 | AA28: {=_xlfn.LET( _xlpm.txt, Main[[#This Row],[Standing Orders]], _xlpm.q2num, IFERROR(VALUE(Guias!$M$2), ""), _xlpm.q2txt, UPPER(Guias!$M$2), _xlpm.weekIsOdd, IF(_xlpm.q2num<>"", MOD(_xlpm.q2num,2)=1, IF(ISNUMBER(FIND("IMPAR", _xlpm.q2txt)), TRUE, IF(ISNUMBER(FIND("PAR", _xlpm.q2txt)), FALSE, TRUE))), _xlpm.parts, IF(TRIM(_xlpm.txt)="", "", _xlfn.TOCOL(_xlfn.TEXTSPLIT(SUBSTITUTE(_xlpm.txt, CHAR(160), " "), ";"), 1)), _xlpm.build, IF(_xlfn.VALUETOTEXT(_xlpm.parts)="", "", _xlfn.MAP(_xlpm.parts, _xlfn.LAMBDA(_xlpm.r, _xlfn.LET( _xlpm.s, TRIM(_xlpm.r), _xlpm.s_upper, UPPER(_xlpm.s), _xlpm.p_marker, IF(ISNUMBER(FIND("(*IMPAR)", _xlpm.s_upper)), "impar", IF(ISNUMBER(FIND("(*PAR)", _xlpm.s_upper)), "par", "")), _xlpm.allow, IF(_xlpm.p_marker="", TRUE, IF(_xlpm.p_marker="impar", _xlpm.weekIsOdd, NOT(_xlpm.weekIsOdd))), IF(NOT(_xlpm.allow), "", _xlfn.LET( _xlpm.num, IFERROR(VALUE(LEFT(_xlpm.s, FIND(" ", _xlpm.s & " ")-1)), 0), _xlpm.rawname, TRIM(IFERROR(_xlfn.TEXTAFTER(_xlpm.s, " "), "")), _xlpm.name_pre, IFERROR(_xlfn.TEXTBEFORE(_xlpm.rawname, "["), _xlpm.rawname), _xlpm.name, TRIM(IFERROR(_xlfn.TEXTBEFORE(_xlpm.name_pre, "("), _xlpm.name_pre)), _xlpm.id, _xlfn.XLOOKUP(_xlpm.name, Vendedores[Fragmento], Vendedores[ID], ""), IF(OR(_xlpm.id="", _xlpm.num<=0), "", LEFT(REPT(_xlpm.id & ",", _xlpm.num), LEN(REPT(_xlpm.id & ",", _xlpm.num)) - 1)) ) ) ) ))), _xlpm.resultado, _xlfn.TEXTJOIN(",", TRUE, _xlpm.build), IF(_xlpm.resultado="", "", _xlpm.resultado & ",") )} -> jochoa, | AB28: Y | AD28: 1 John [Summer Breeze GA]
A29: Flodecol | B29: 1 | C29: EB | D29: 70 | E29: 70 | F29: Delphinium Mix | G29: 20 Seawaltz/50 Skywaltz (T/F) | H29: PO107181 | I29: 0.41 | J29: =_xlfn.LET( _xlpm.result, 1-((Main[[#This Row],[Cost]]+Main[[#This Row],[Duties]]+Main[[#This Row],[Transport]])/((Main[[#This Row],[Precio]]*0.96))), IF(_xlpm.result<0, "BAJO", IF(_xlpm.result>1, "ALTO", _xlpm.result)) ) -> 0.30089485 | K29: 1.49 | L29: {=_xlfn.LET( _xlpm.DiaSemana, WEEKDAY(Main[[#This Row],[FechaEntrega]], 2), _xlpm.CajaEcuador, OR(Main[[#This Row],[Type of Box]]="QB", Main[[#This Row],[Type of Box]]="EB", Main[[#This Row],[Type of Box]]="HB", Main[[#This Row],[Type of Box]]="SB"), _xlpm.CajaColombia, OR(Main[[#This Row],[Type of Box]]="QB2", Main[[#This Row],[Type of Box]]="EB2"), _xlpm.EsTF, ISNUMBER(SEARCH("T/F", Main[[#This Row],[Nombre]])), _xlpm.FincaCol, OR(Main[[#This Row],[Finca]]="Plazoleta", Main[[#This Row],[Finca]]="Flowers Party", Main[[#This Row],[Finca]]="HydranFlowers", Main[[#This Row],[Finca]]="Alexandra Farms", Main[[#This Row],[Finca]]="Circasia S.A.S.", Main[[#This Row],[Finca]]="Vuelven S.A.S.", Main[[#This Row],[Finca]]="Cultivos del Norte", Main[[#This Row],[Finca]]="La Conchita"), _xlpm.DiaGuia, _xlfn.IFS( AND(_xlpm.DiaSemana=1, _xlpm.CajaEcuador), "Lunes", AND(_xlpm.DiaSemana=1, _xlpm.CajaColombia), "Lunes", AND(_xlpm.DiaSemana=2, _xlpm.CajaEcuador), "Martes", AND(_xlpm.DiaSemana=2, _xlpm.CajaColombia), "Lunes", _xlpm.DiaSemana=3, "Miercoles", AND(_xlpm.DiaSemana=4, _xlpm.CajaEcuador), "Jueves", AND(_xlpm.DiaSemana=4, _xlpm.CajaColombia), "Miercoles", AND(_xlpm.DiaSemana=5, _xlpm.CajaEcuador), "Viernes", AND(_xlpm.DiaSemana=5, _xlpm.CajaColombia), "Jueves", AND(_xlpm.DiaSemana=6, _xlpm.CajaEcuador, _xlpm.EsTF), "Sabado B", AND(_xlpm.DiaSemana=6, _xlpm.CajaEcuador), "Viernes", AND(_xlpm.DiaSemana=6, _xlpm.CajaColombia), "Viernes", TRUE, "" ), _xlpm.ColGuia, _xlfn.IFS( _xlpm.DiaSemana=3, Guias[Ecuador], _xlpm.CajaColombia, Guias[Colombia], TRUE, Guias[Ecuador] ), _xlpm.VuelosError, IFERROR(_xlfn.XLOOKUP(_xlpm.DiaGuia, Guias[Día], Guias[Vuelos])="***Error de Fecha***", FALSE), _xlpm.SemanaIncorrecta, _xlfn.ISOWEEKNUM(Main[[#This Row],[FechaEntrega]]-2) <> Guias!$M$2, IF(_xlpm.SemanaIncorrecta, "ERROR S", IF(ISNA(MATCH(Main[[#This Row],[FechaEntrega]], Guias[Fecha], 0)), "ERROR F", IF(_xlfn.XOR(_xlpm.FincaCol, _xlpm.CajaColombia), "ERROR P", IF(_xlpm.DiaGuia="", "", IF(_xlpm.VuelosError, "ERROR V", _xlfn.XLOOKUP(_xlpm.DiaGuia, Guias[Día], _xlpm.ColGuia) ) ) ) ) ) )} -> 16952 | M29: =Guias!$B$7 -> 46314 | N29: =ROUNDUP((Main[[#This Row],[Cost]]*Main[[#This Row],[Import Duties]]),2) -> 0.07 | O29: 0 | P29: 1 | Q29: 0 | R29: =ROUNDUP(Main[[#This Row],[Transport2]]/Main[[#This Row],[Cantidad_Min]],2) -> 0.52 | S29: =_xlfn.XLOOKUP(Main[[#This Row],[Type of Box]], Cajas[Nombre], Cajas[Largo]) -> 105 | T29: =_xlfn.XLOOKUP(Main[[#This Row],[Type of Box]], Cajas[Nombre], Cajas[Ancho]) -> 17 | U29: =_xlfn.XLOOKUP(Main[[#This Row],[Type of Box]], Cajas[Nombre], Cajas[Alto]) -> 17 | V29: =IF(Main[[#This Row],[Type of Box]]="", "", IF(OR(Main[[#This Row],[Type of Box]]="QB", Main[[#This Row],[Type of Box]]="EB", Main[[#This Row],[Type of Box]]="HB", Main[[#This Row],[Type of Box]]="QB2", Main[[#This Row],[Type of Box]]="EB2", Main[[#This Row],[Type of Box]]="SB"), (Main[[#This Row],[Largo2]]*Main[[#This Row],[Ancho]]*Main[[#This Row],[Alto]])/6000, ((Main[[#This Row],[Largo2]]+Sheet1!$U$2)*(Main[[#This Row],[Ancho]]+Sheet1!$U$2)*(Main[[#This Row],[Alto]]+Sheet1!$U$2))/6000)) -> 5.0575 | W29: =ROUNDUP(((Main[[#This Row],[Volumen]]*5.25))*1.36,2) -> 36.12 | X29: 0.1586 | Y29: =Main[[#This Row],[Cantidad_Min]]*Main[[#This Row],[Precio]]*Main[[#This Row],[Qty]] -> 104.3 | Z29: =_xlfn.XLOOKUP(Main[[#This Row],[Finca]], Fincas[Nombre], Fincas[ID]) -> 74 | AA29: {=_xlfn.LET( _xlpm.txt, Main[[#This Row],[Standing Orders]], _xlpm.q2num, IFERROR(VALUE(Guias!$M$2), ""), _xlpm.q2txt, UPPER(Guias!$M$2), _xlpm.weekIsOdd, IF(_xlpm.q2num<>"", MOD(_xlpm.q2num,2)=1, IF(ISNUMBER(FIND("IMPAR", _xlpm.q2txt)), TRUE, IF(ISNUMBER(FIND("PAR", _xlpm.q2txt)), FALSE, TRUE))), _xlpm.parts, IF(TRIM(_xlpm.txt)="", "", _xlfn.TOCOL(_xlfn.TEXTSPLIT(SUBSTITUTE(_xlpm.txt, CHAR(160), " "), ";"), 1)), _xlpm.build, IF(_xlfn.VALUETOTEXT(_xlpm.parts)="", "", _xlfn.MAP(_xlpm.parts, _xlfn.LAMBDA(_xlpm.r, _xlfn.LET( _xlpm.s, TRIM(_xlpm.r), _xlpm.s_upper, UPPER(_xlpm.s), _xlpm.p_marker, IF(ISNUMBER(FIND("(*IMPAR)", _xlpm.s_upper)), "impar", IF(ISNUMBER(FIND("(*PAR)", _xlpm.s_upper)), "par", "")), _xlpm.allow, IF(_xlpm.p_marker="", TRUE, IF(_xlpm.p_marker="impar", _xlpm.weekIsOdd, NOT(_xlpm.weekIsOdd))), IF(NOT(_xlpm.allow), "", _xlfn.LET( _xlpm.num, IFERROR(VALUE(LEFT(_xlpm.s, FIND(" ", _xlpm.s & " ")-1)), 0), _xlpm.rawname, TRIM(IFERROR(_xlfn.TEXTAFTER(_xlpm.s, " "), "")), _xlpm.name_pre, IFERROR(_xlfn.TEXTBEFORE(_xlpm.rawname, "["), _xlpm.rawname), _xlpm.name, TRIM(IFERROR(_xlfn.TEXTBEFORE(_xlpm.name_pre, "("), _xlpm.name_pre)), _xlpm.id, _xlfn.XLOOKUP(_xlpm.name, Vendedores[Fragmento], Vendedores[ID], ""), IF(OR(_xlpm.id="", _xlpm.num<=0), "", LEFT(REPT(_xlpm.id & ",", _xlpm.num), LEN(REPT(_xlpm.id & ",", _xlpm.num)) - 1)) ) ) ) ))), _xlpm.resultado, _xlfn.TEXTJOIN(",", TRUE, _xlpm.build), IF(_xlpm.resultado="", "", _xlpm.resultado & ",") )} -> jochoa, | AB29: Y | AD29: 1 John [Summer Breeze GA]
A30: Flodecol | B30: 1 | C30: EB | D30: 70 | E30: 70 | F30: Delphinium 70/80cm | G30: ="40 White/30 Lavender " & _xlfn.XLOOKUP(Main[[#This Row],[FechaEntrega]], Guias[Fecha], Guias[Llegada]) -> 40 White/30 Lavender (T/W) | H30: PO107182 | I30: 0.45 | J30: =_xlfn.LET( _xlpm.result, 1-((Main[[#This Row],[Cost]]+Main[[#This Row],[Duties]]+Main[[#This Row],[Transport]])/((Main[[#This Row],[Precio]]*0.96))), IF(_xlpm.result<0, "BAJO", IF(_xlpm.result>1, "ALTO", _xlpm.result)) ) -> 0.2131295 | K30: 1.39 | L30: {=_xlfn.LET( _xlpm.DiaSemana, WEEKDAY(Main[[#This Row],[FechaEntrega]], 2), _xlpm.CajaEcuador, OR(Main[[#This Row],[Type of Box]]="QB", Main[[#This Row],[Type of Box]]="EB", Main[[#This Row],[Type of Box]]="HB", Main[[#This Row],[Type of Box]]="SB"), _xlpm.CajaColombia, OR(Main[[#This Row],[Type of Box]]="QB2", Main[[#This Row],[Type of Box]]="EB2"), _xlpm.EsTF, ISNUMBER(SEARCH("T/F", Main[[#This Row],[Nombre]])), _xlpm.FincaCol, OR(Main[[#This Row],[Finca]]="Plazoleta", Main[[#This Row],[Finca]]="Flowers Party", Main[[#This Row],[Finca]]="HydranFlowers", Main[[#This Row],[Finca]]="Alexandra Farms", Main[[#This Row],[Finca]]="Circasia S.A.S.", Main[[#This Row],[Finca]]="Vuelven S.A.S.", Main[[#This Row],[Finca]]="Cultivos del Norte", Main[[#This Row],[Finca]]="La Conchita"), _xlpm.DiaGuia, _xlfn.IFS( AND(_xlpm.DiaSemana=1, _xlpm.CajaEcuador), "Lunes", AND(_xlpm.DiaSemana=1, _xlpm.CajaColombia), "Lunes", AND(_xlpm.DiaSemana=2, _xlpm.CajaEcuador), "Martes", AND(_xlpm.DiaSemana=2, _xlpm.CajaColombia), "Lunes", _xlpm.DiaSemana=3, "Miercoles", AND(_xlpm.DiaSemana=4, _xlpm.CajaEcuador), "Jueves", AND(_xlpm.DiaSemana=4, _xlpm.CajaColombia), "Miercoles", AND(_xlpm.DiaSemana=5, _xlpm.CajaEcuador), "Viernes", AND(_xlpm.DiaSemana=5, _xlpm.CajaColombia), "Jueves", AND(_xlpm.DiaSemana=6, _xlpm.CajaEcuador, _xlpm.EsTF), "Sabado B", AND(_xlpm.DiaSemana=6, _xlpm.CajaEcuador), "Viernes", AND(_xlpm.DiaSemana=6, _xlpm.CajaColombia), "Viernes", TRUE, "" ), _xlpm.ColGuia, _xlfn.IFS( _xlpm.DiaSemana=3, Guias[Ecuador], _xlpm.CajaColombia, Guias[Colombia], TRUE, Guias[Ecuador] ), _xlpm.VuelosError, IFERROR(_xlfn.XLOOKUP(_xlpm.DiaGuia, Guias[Día], Guias[Vuelos])="***Error de Fecha***", FALSE), _xlpm.SemanaIncorrecta, _xlfn.ISOWEEKNUM(Main[[#This Row],[FechaEntrega]]-2) <> Guias!$M$2, IF(_xlpm.SemanaIncorrecta, "ERROR S", IF(ISNA(MATCH(Main[[#This Row],[FechaEntrega]], Guias[Fecha], 0)), "ERROR F", IF(_xlfn.XOR(_xlpm.FincaCol, _xlpm.CajaColombia), "ERROR P", IF(_xlpm.DiaGuia="", "", IF(_xlpm.VuelosError, "ERROR V", _xlfn.XLOOKUP(_xlpm.DiaGuia, Guias[Día], _xlpm.ColGuia) ) ) ) ) ) )} -> 16977 | M30: =Guias!$B$3 -> 46310 | N30: =ROUNDUP((Main[[#This Row],[Cost]]*Main[[#This Row],[Import Duties]]),2) -> 0.08 | O30: 0 | P30: 1 | Q30: 0 | R30: =ROUNDUP(Main[[#This Row],[Transport2]]/Main[[#This Row],[Cantidad_Min]],2) -> 0.52 | S30: =_xlfn.XLOOKUP(Main[[#This Row],[Type of Box]], Cajas[Nombre], Cajas[Largo]) -> 105 | T30: =_xlfn.XLOOKUP(Main[[#This Row],[Type of Box]], Cajas[Nombre], Cajas[Ancho]) -> 17 | U30: =_xlfn.XLOOKUP(Main[[#This Row],[Type of Box]], Cajas[Nombre], Cajas[Alto]) -> 17 | V30: =IF(Main[[#This Row],[Type of Box]]="", "", IF(OR(Main[[#This Row],[Type of Box]]="QB", Main[[#This Row],[Type of Box]]="EB", Main[[#This Row],[Type of Box]]="HB", Main[[#This Row],[Type of Box]]="QB2", Main[[#This Row],[Type of Box]]="EB2", Main[[#This Row],[Type of Box]]="SB"), (Main[[#This Row],[Largo2]]*Main[[#This Row],[Ancho]]*Main[[#This Row],[Alto]])/6000, ((Main[[#This Row],[Largo2]]+Sheet1!$U$2)*(Main[[#This Row],[Ancho]]+Sheet1!$U$2)*(Main[[#This Row],[Alto]]+Sheet1!$U$2))/6000)) -> 5.0575 | W30: =ROUNDUP(((Main[[#This Row],[Volumen]]*5.25))*1.36,2) -> 36.12 | X30: 0.1586 | Y30: =Main[[#This Row],[Cantidad_Min]]*Main[[#This Row],[Precio]]*Main[[#This Row],[Qty]] -> 97.3 | Z30: =_xlfn.XLOOKUP(Main[[#This Row],[Finca]], Fincas[Nombre], Fincas[ID]) -> 74 | AA30: {=_xlfn.LET( _xlpm.txt, Main[[#This Row],[Standing Orders]], _xlpm.q2num, IFERROR(VALUE(Guias!$M$2), ""), _xlpm.q2txt, UPPER(Guias!$M$2), _xlpm.weekIsOdd, IF(_xlpm.q2num<>"", MOD(_xlpm.q2num,2)=1, IF(ISNUMBER(FIND("IMPAR", _xlpm.q2txt)), TRUE, IF(ISNUMBER(FIND("PAR", _xlpm.q2txt)), FALSE, TRUE))), _xlpm.parts, IF(TRIM(_xlpm.txt)="", "", _xlfn.TOCOL(_xlfn.TEXTSPLIT(SUBSTITUTE(_xlpm.txt, CHAR(160), " "), ";"), 1)), _xlpm.build, IF(_xlfn.VALUETOTEXT(_xlpm.parts)="", "", _xlfn.MAP(_xlpm.parts, _xlfn.LAMBDA(_xlpm.r, _xlfn.LET( _xlpm.s, TRIM(_xlpm.r), _xlpm.s_upper, UPPER(_xlpm.s), _xlpm.p_marker, IF(ISNUMBER(FIND("(*IMPAR)", _xlpm.s_upper)), "impar", IF(ISNUMBER(FIND("(*PAR)", _xlpm.s_upper)), "par", "")), _xlpm.allow, IF(_xlpm.p_marker="", TRUE, IF(_xlpm.p_marker="impar", _xlpm.weekIsOdd, NOT(_xlpm.weekIsOdd))), IF(NOT(_xlpm.allow), "", _xlfn.LET( _xlpm.num, IFERROR(VALUE(LEFT(_xlpm.s, FIND(" ", _xlpm.s & " ")-1)), 0), _xlpm.rawname, TRIM(IFERROR(_xlfn.TEXTAFTER(_xlpm.s, " "), "")), _xlpm.name_pre, IFERROR(_xlfn.TEXTBEFORE(_xlpm.rawname, "["), _xlpm.rawname), _xlpm.name, TRIM(IFERROR(_xlfn.TEXTBEFORE(_xlpm.name_pre, "("), _xlpm.name_pre)), _xlpm.id, _xlfn.XLOOKUP(_xlpm.name, Vendedores[Fragmento], Vendedores[ID], ""), IF(OR(_xlpm.id="", _xlpm.num<=0), "", LEFT(REPT(_xlpm.id & ",", _xlpm.num), LEN(REPT(_xlpm.id & ",", _xlpm.num)) - 1)) ) ) ) ))), _xlpm.resultado, _xlfn.TEXTJOIN(",", TRUE, _xlpm.build), IF(_xlpm.resultado="", "", _xlpm.resultado & ",") )} -> jochoa, | AB30: Y | AD30: 1 John [Filers Florsit OH]
A31: Flodecol | B31: 3 | C31: EB | D31: 70 | E31: 70 | F31: Delphinium 70/80cm | G31: ="40 White/30 Lavender " & _xlfn.XLOOKUP(Main[[#This Row],[FechaEntrega]], Guias[Fecha], Guias[Llegada]) -> 40 White/30 Lavender (T/W) | H31: PO107183 | I31: 0.45 | J31: =_xlfn.LET( _xlpm.result, 1-((Main[[#This Row],[Cost]]+Main[[#This Row],[Duties]]+Main[[#This Row],[Transport]])/((Main[[#This Row],[Precio]]*0.96))), IF(_xlpm.result<0, "BAJO", IF(_xlpm.result>1, "ALTO", _xlpm.result)) ) -> 0.2659396 | K31: 1.49 | L31: {=_xlfn.LET( _xlpm.DiaSemana, WEEKDAY(Main[[#This Row],[FechaEntrega]], 2), _xlpm.CajaEcuador, OR(Main[[#This Row],[Type of Box]]="QB", Main[[#This Row],[Type of Box]]="EB", Main[[#This Row],[Type of Box]]="HB", Main[[#This Row],[Type of Box]]="SB"), _xlpm.CajaColombia, OR(Main[[#This Row],[Type of Box]]="QB2", Main[[#This Row],[Type of Box]]="EB2"), _xlpm.EsTF, ISNUMBER(SEARCH("T/F", Main[[#This Row],[Nombre]])), _xlpm.FincaCol, OR(Main[[#This Row],[Finca]]="Plazoleta", Main[[#This Row],[Finca]]="Flowers Party", Main[[#This Row],[Finca]]="HydranFlowers", Main[[#This Row],[Finca]]="Alexandra Farms", Main[[#This Row],[Finca]]="Circasia S.A.S.", Main[[#This Row],[Finca]]="Vuelven S.A.S.", Main[[#This Row],[Finca]]="Cultivos del Norte", Main[[#This Row],[Finca]]="La Conchita"), _xlpm.DiaGuia, _xlfn.IFS( AND(_xlpm.DiaSemana=1, _xlpm.CajaEcuador), "Lunes", AND(_xlpm.DiaSemana=1, _xlpm.CajaColombia), "Lunes", AND(_xlpm.DiaSemana=2, _xlpm.CajaEcuador), "Martes", AND(_xlpm.DiaSemana=2, _xlpm.CajaColombia), "Lunes", _xlpm.DiaSemana=3, "Miercoles", AND(_xlpm.DiaSemana=4, _xlpm.CajaEcuador), "Jueves", AND(_xlpm.DiaSemana=4, _xlpm.CajaColombia), "Miercoles", AND(_xlpm.DiaSemana=5, _xlpm.CajaEcuador), "Viernes", AND(_xlpm.DiaSemana=5, _xlpm.CajaColombia), "Jueves", AND(_xlpm.DiaSemana=6, _xlpm.CajaEcuador, _xlpm.EsTF), "Sabado B", AND(_xlpm.DiaSemana=6, _xlpm.CajaEcuador), "Viernes", AND(_xlpm.DiaSemana=6, _xlpm.CajaColombia), "Viernes", TRUE, "" ), _xlpm.ColGuia, _xlfn.IFS( _xlpm.DiaSemana=3, Guias[Ecuador], _xlpm.CajaColombia, Guias[Colombia], TRUE, Guias[Ecuador] ), _xlpm.VuelosError, IFERROR(_xlfn.XLOOKUP(_xlpm.DiaGuia, Guias[Día], Guias[Vuelos])="***Error de Fecha***", FALSE), _xlpm.SemanaIncorrecta, _xlfn.ISOWEEKNUM(Main[[#This Row],[FechaEntrega]]-2) <> Guias!$M$2, IF(_xlpm.SemanaIncorrecta, "ERROR S", IF(ISNA(MATCH(Main[[#This Row],[FechaEntrega]], Guias[Fecha], 0)), "ERROR F", IF(_xlfn.XOR(_xlpm.FincaCol, _xlpm.CajaColombia), "ERROR P", IF(_xlpm.DiaGuia="", "", IF(_xlpm.VuelosError, "ERROR V", _xlfn.XLOOKUP(_xlpm.DiaGuia, Guias[Día], _xlpm.ColGuia) ) ) ) ) ) )} -> 16977 | M31: =Guias!$B$3 -> 46310 | N31: =ROUNDUP((Main[[#This Row],[Cost]]*Main[[#This Row],[Import Duties]]),2) -> 0.08 | O31: 0 | P31: 1 | Q31: 0 | R31: =ROUNDUP(Main[[#This Row],[Transport2]]/Main[[#This Row],[Cantidad_Min]],2) -> 0.52 | S31: =_xlfn.XLOOKUP(Main[[#This Row],[Type of Box]], Cajas[Nombre], Cajas[Largo]) -> 105 | T31: =_xlfn.XLOOKUP(Main[[#This Row],[Type of Box]], Cajas[Nombre], Cajas[Ancho]) -> 17 | U31: =_xlfn.XLOOKUP(Main[[#This Row],[Type of Box]], Cajas[Nombre], Cajas[Alto]) -> 17 | V31: =IF(Main[[#This Row],[Type of Box]]="", "", IF(OR(Main[[#This Row],[Type of Box]]="QB", Main[[#This Row],[Type of Box]]="EB", Main[[#This Row],[Type of Box]]="HB", Main[[#This Row],[Type of Box]]="QB2", Main[[#This Row],[Type of Box]]="EB2", Main[[#This Row],[Type of Box]]="SB"), (Main[[#This Row],[Largo2]]*Main[[#This Row],[Ancho]]*Main[[#This Row],[Alto]])/6000, ((Main[[#This Row],[Largo2]]+Sheet1!$U$2)*(Main[[#This Row],[Ancho]]+Sheet1!$U$2)*(Main[[#This Row],[Alto]]+Sheet1!$U$2))/6000)) -> 5.0575 | W31: =ROUNDUP(((Main[[#This Row],[Volumen]]*5.25))*1.36,2) -> 36.12 | X31: 0.1586 | Y31: =Main[[#This Row],[Cantidad_Min]]*Main[[#This Row],[Precio]]*Main[[#This Row],[Qty]] -> 312.9 | Z31: =_xlfn.XLOOKUP(Main[[#This Row],[Finca]], Fincas[Nombre], Fincas[ID]) -> 74 | AA31: {=_xlfn.LET( _xlpm.txt, Main[[#This Row],[Standing Orders]], _xlpm.q2num, IFERROR(VALUE(Guias!$M$2), ""), _xlpm.q2txt, UPPER(Guias!$M$2), _xlpm.weekIsOdd, IF(_xlpm.q2num<>"", MOD(_xlpm.q2num,2)=1, IF(ISNUMBER(FIND("IMPAR", _xlpm.q2txt)), TRUE, IF(ISNUMBER(FIND("PAR", _xlpm.q2txt)), FALSE, TRUE))), _xlpm.parts, IF(TRIM(_xlpm.txt)="", "", _xlfn.TOCOL(_xlfn.TEXTSPLIT(SUBSTITUTE(_xlpm.txt, CHAR(160), " "), ";"), 1)), _xlpm.build, IF(_xlfn.VALUETOTEXT(_xlpm.parts)="", "", _xlfn.MAP(_xlpm.parts, _xlfn.LAMBDA(_xlpm.r, _xlfn.LET( _xlpm.s, TRIM(_xlpm.r), _xlpm.s_upper, UPPER(_xlpm.s), _xlpm.p_marker, IF(ISNUMBER(FIND("(*IMPAR)", _xlpm.s_upper)), "impar", IF(ISNUMBER(FIND("(*PAR)", _xlpm.s_upper)), "par", "")), _xlpm.allow, IF(_xlpm.p_marker="", TRUE, IF(_xlpm.p_marker="impar", _xlpm.weekIsOdd, NOT(_xlpm.weekIsOdd))), IF(NOT(_xlpm.allow), "", _xlfn.LET( _xlpm.num, IFERROR(VALUE(LEFT(_xlpm.s, FIND(" ", _xlpm.s & " ")-1)), 0), _xlpm.rawname, TRIM(IFERROR(_xlfn.TEXTAFTER(_xlpm.s, " "), "")), _xlpm.name_pre, IFERROR(_xlfn.TEXTBEFORE(_xlpm.rawname, "["), _xlpm.rawname), _xlpm.name, TRIM(IFERROR(_xlfn.TEXTBEFORE(_xlpm.name_pre, "("), _xlpm.name_pre)), _xlpm.id, _xlfn.XLOOKUP(_xlpm.name, Vendedores[Fragmento], Vendedores[ID], ""), IF(OR(_xlpm.id="", _xlpm.num<=0), "", LEFT(REPT(_xlpm.id & ",", _xlpm.num), LEN(REPT(_xlpm.id & ",", _xlpm.num)) - 1)) ) ) ) ))), _xlpm.resultado, _xlfn.TEXTJOIN(",", TRUE, _xlpm.build), IF(_xlpm.resultado="", "", _xlpm.resultado & ",") )} -> jochoa,jochoa,jochoa, | AB31: Y | AD31: 1 John [Summer Breeze GA];1 John [Summer Breeze GA];1 John [Summer Breeze GA];
A32: Flodecol | B32: 1 | C32: EB | D32: 70 | E32: 70 | F32: Delphinium 70/80cm | G32: ="Seawaltz/Skywaltz " & _xlfn.XLOOKUP(Main[[#This Row],[FechaEntrega]], Guias[Fecha], Guias[Llegada]) -> Seawaltz/Skywaltz (T/W) | H32: PO107184 | I32: 0.41 | J32: =_xlfn.LET( _xlpm.result, 1-((Main[[#This Row],[Cost]]+Main[[#This Row],[Duties]]+Main[[#This Row],[Transport]])/((Main[[#This Row],[Precio]]*0.96))), IF(_xlpm.result<0, "BAJO", IF(_xlpm.result>1, "ALTO", _xlpm.result)) ) -> 0.25059952 | K32: 1.39 | L32: {=_xlfn.LET( _xlpm.DiaSemana, WEEKDAY(Main[[#This Row],[FechaEntrega]], 2), _xlpm.CajaEcuador, OR(Main[[#This Row],[Type of Box]]="QB", Main[[#This Row],[Type of Box]]="EB", Main[[#This Row],[Type of Box]]="HB", Main[[#This Row],[Type of Box]]="SB"), _xlpm.CajaColombia, OR(Main[[#This Row],[Type of Box]]="QB2", Main[[#This Row],[Type of Box]]="EB2"), _xlpm.EsTF, ISNUMBER(SEARCH("T/F", Main[[#This Row],[Nombre]])), _xlpm.FincaCol, OR(Main[[#This Row],[Finca]]="Plazoleta", Main[[#This Row],[Finca]]="Flowers Party", Main[[#This Row],[Finca]]="HydranFlowers", Main[[#This Row],[Finca]]="Alexandra Farms", Main[[#This Row],[Finca]]="Circasia S.A.S.", Main[[#This Row],[Finca]]="Vuelven S.A.S.", Main[[#This Row],[Finca]]="Cultivos del Norte", Main[[#This Row],[Finca]]="La Conchita"), _xlpm.DiaGuia, _xlfn.IFS( AND(_xlpm.DiaSemana=1, _xlpm.CajaEcuador), "Lunes", AND(_xlpm.DiaSemana=1, _xlpm.CajaColombia), "Lunes", AND(_xlpm.DiaSemana=2, _xlpm.CajaEcuador), "Martes", AND(_xlpm.DiaSemana=2, _xlpm.CajaColombia), "Lunes", _xlpm.DiaSemana=3, "Miercoles", AND(_xlpm.DiaSemana=4, _xlpm.CajaEcuador), "Jueves", AND(_xlpm.DiaSemana=4, _xlpm.CajaColombia), "Miercoles", AND(_xlpm.DiaSemana=5, _xlpm.CajaEcuador), "Viernes", AND(_xlpm.DiaSemana=5, _xlpm.CajaColombia), "Jueves", AND(_xlpm.DiaSemana=6, _xlpm.CajaEcuador, _xlpm.EsTF), "Sabado B", AND(_xlpm.DiaSemana=6, _xlpm.CajaEcuador), "Viernes", AND(_xlpm.DiaSemana=6, _xlpm.CajaColombia), "Viernes", TRUE, "" ), _xlpm.ColGuia, _xlfn.IFS( _xlpm.DiaSemana=3, Guias[Ecuador], _xlpm.CajaColombia, Guias[Colombia], TRUE, Guias[Ecuador] ), _xlpm.VuelosError, IFERROR(_xlfn.XLOOKUP(_xlpm.DiaGuia, Guias[Día], Guias[Vuelos])="***Error de Fecha***", FALSE), _xlpm.SemanaIncorrecta, _xlfn.ISOWEEKNUM(Main[[#This Row],[FechaEntrega]]-2) <> Guias!$M$2, IF(_xlpm.SemanaIncorrecta, "ERROR S", IF(ISNA(MATCH(Main[[#This Row],[FechaEntrega]], Guias[Fecha], 0)), "ERROR F", IF(_xlfn.XOR(_xlpm.FincaCol, _xlpm.CajaColombia), "ERROR P", IF(_xlpm.DiaGuia="", "", IF(_xlpm.VuelosError, "ERROR V", _xlfn.XLOOKUP(_xlpm.DiaGuia, Guias[Día], _xlpm.ColGuia) ) ) ) ) ) )} -> 16977 | M32: =Guias!$B$3 -> 46310 | N32: =ROUNDUP((Main[[#This Row],[Cost]]*Main[[#This Row],[Import Duties]]),2) -> 0.07 | O32: 0 | P32: 1 | Q32: 0 | R32: =ROUNDUP(Main[[#This Row],[Transport2]]/Main[[#This Row],[Cantidad_Min]],2) -> 0.52 | S32: =_xlfn.XLOOKUP(Main[[#This Row],[Type of Box]], Cajas[Nombre], Cajas[Largo]) -> 105 | T32: =_xlfn.XLOOKUP(Main[[#This Row],[Type of Box]], Cajas[Nombre], Cajas[Ancho]) -> 17 | U32: =_xlfn.XLOOKUP(Main[[#This Row],[Type of Box]], Cajas[Nombre], Cajas[Alto]) -> 17 | V32: =IF(Main[[#This Row],[Type of Box]]="", "", IF(OR(Main[[#This Row],[Type of Box]]="QB", Main[[#This Row],[Type of Box]]="EB", Main[[#This Row],[Type of Box]]="HB", Main[[#This Row],[Type of Box]]="QB2", Main[[#This Row],[Type of Box]]="EB2", Main[[#This Row],[Type of Box]]="SB"), (Main[[#This Row],[Largo2]]*Main[[#This Row],[Ancho]]*Main[[#This Row],[Alto]])/6000, ((Main[[#This Row],[Largo2]]+Sheet1!$U$2)*(Main[[#This Row],[Ancho]]+Sheet1!$U$2)*(Main[[#This Row],[Alto]]+Sheet1!$U$2))/6000)) -> 5.0575 | W32: =ROUNDUP(((Main[[#This Row],[Volumen]]*5.25))*1.36,2) -> 36.12 | X32: 0.1586 | Y32: =Main[[#This Row],[Cantidad_Min]]*Main[[#This Row],[Precio]]*Main[[#This Row],[Qty]] -> 97.3 | Z32: =_xlfn.XLOOKUP(Main[[#This Row],[Finca]], Fincas[Nombre], Fincas[ID]) -> 74 | AA32: {=_xlfn.LET( _xlpm.txt, Main[[#This Row],[Standing Orders]], _xlpm.q2num, IFERROR(VALUE(Guias!$M$2), ""), _xlpm.q2txt, UPPER(Guias!$M$2), _xlpm.weekIsOdd, IF(_xlpm.q2num<>"", MOD(_xlpm.q2num,2)=1, IF(ISNUMBER(FIND("IMPAR", _xlpm.q2txt)), TRUE, IF(ISNUMBER(FIND("PAR", _xlpm.q2txt)), FALSE, TRUE))), _xlpm.parts, IF(TRIM(_xlpm.txt)="", "", _xlfn.TOCOL(_xlfn.TEXTSPLIT(SUBSTITUTE(_xlpm.txt, CHAR(160), " "), ";"), 1)), _xlpm.build, IF(_xlfn.VALUETOTEXT(_xlpm.parts)="", "", _xlfn.MAP(_xlpm.parts, _xlfn.LAMBDA(_xlpm.r, _xlfn.LET( _xlpm.s, TRIM(_xlpm.r), _xlpm.s_upper, UPPER(_xlpm.s), _xlpm.p_marker, IF(ISNUMBER(FIND("(*IMPAR)", _xlpm.s_upper)), "impar", IF(ISNUMBER(FIND("(*PAR)", _xlpm.s_upper)), "par", "")), _xlpm.allow, IF(_xlpm.p_marker="", TRUE, IF(_xlpm.p_marker="impar", _xlpm.weekIsOdd, NOT(_xlpm.weekIsOdd))), IF(NOT(_xlpm.allow), "", _xlfn.LET( _xlpm.num, IFERROR(VALUE(LEFT(_xlpm.s, FIND(" ", _xlpm.s & " ")-1)), 0), _xlpm.rawname, TRIM(IFERROR(_xlfn.TEXTAFTER(_xlpm.s, " "), "")), _xlpm.name_pre, IFERROR(_xlfn.TEXTBEFORE(_xlpm.rawname, "["), _xlpm.rawname), _xlpm.name, TRIM(IFERROR(_xlfn.TEXTBEFORE(_xlpm.name_pre, "("), _xlpm.name_pre)), _xlpm.id, _xlfn.XLOOKUP(_xlpm.name, Vendedores[Fragmento], Vendedores[ID], ""), IF(OR(_xlpm.id="", _xlpm.num<=0), "", LEFT(REPT(_xlpm.id & ",", _xlpm.num), LEN(REPT(_xlpm.id & ",", _xlpm.num)) - 1)) ) ) ) ))), _xlpm.resultado, _xlfn.TEXTJOIN(",", TRUE, _xlpm.build), IF(_xlpm.resultado="", "", _xlpm.resultado & ",") )} -> jochoa, | AB32: Y | AD32: 1 John [Filers Florsit OH]
A33: Flodecol | B33: 1 | C33: EB | D33: 70 | E33: 70 | F33: Delphinium 70/80cm | G33: ="Seawaltz/Skywaltz " & _xlfn.XLOOKUP(Main[[#This Row],[FechaEntrega]], Guias[Fecha], Guias[Llegada]) -> Seawaltz/Skywaltz (T/W) | H33: PO107185 | I33: 0.41 | J33: =_xlfn.LET( _xlpm.result, 1-((Main[[#This Row],[Cost]]+Main[[#This Row],[Duties]]+Main[[#This Row],[Transport]])/((Main[[#This Row],[Precio]]*0.96))), IF(_xlpm.result<0, "BAJO", IF(_xlpm.result>1, "ALTO", _xlpm.result)) ) -> 0.30089485 | K33: 1.49 | L33: {=_xlfn.LET( _xlpm.DiaSemana, WEEKDAY(Main[[#This Row],[FechaEntrega]], 2), _xlpm.CajaEcuador, OR(Main[[#This Row],[Type of Box]]="QB", Main[[#This Row],[Type of Box]]="EB", Main[[#This Row],[Type of Box]]="HB", Main[[#This Row],[Type of Box]]="SB"), _xlpm.CajaColombia, OR(Main[[#This Row],[Type of Box]]="QB2", Main[[#This Row],[Type of Box]]="EB2"), _xlpm.EsTF, ISNUMBER(SEARCH("T/F", Main[[#This Row],[Nombre]])), _xlpm.FincaCol, OR(Main[[#This Row],[Finca]]="Plazoleta", Main[[#This Row],[Finca]]="Flowers Party", Main[[#This Row],[Finca]]="HydranFlowers", Main[[#This Row],[Finca]]="Alexandra Farms", Main[[#This Row],[Finca]]="Circasia S.A.S.", Main[[#This Row],[Finca]]="Vuelven S.A.S.", Main[[#This Row],[Finca]]="Cultivos del Norte", Main[[#This Row],[Finca]]="La Conchita"), _xlpm.DiaGuia, _xlfn.IFS( AND(_xlpm.DiaSemana=1, _xlpm.CajaEcuador), "Lunes", AND(_xlpm.DiaSemana=1, _xlpm.CajaColombia), "Lunes", AND(_xlpm.DiaSemana=2, _xlpm.CajaEcuador), "Martes", AND(_xlpm.DiaSemana=2, _xlpm.CajaColombia), "Lunes", _xlpm.DiaSemana=3, "Miercoles", AND(_xlpm.DiaSemana=4, _xlpm.CajaEcuador), "Jueves", AND(_xlpm.DiaSemana=4, _xlpm.CajaColombia), "Miercoles", AND(_xlpm.DiaSemana=5, _xlpm.CajaEcuador), "Viernes", AND(_xlpm.DiaSemana=5, _xlpm.CajaColombia), "Jueves", AND(_xlpm.DiaSemana=6, _xlpm.CajaEcuador, _xlpm.EsTF), "Sabado B", AND(_xlpm.DiaSemana=6, _xlpm.CajaEcuador), "Viernes", AND(_xlpm.DiaSemana=6, _xlpm.CajaColombia), "Viernes", TRUE, "" ), _xlpm.ColGuia, _xlfn.IFS( _xlpm.DiaSemana=3, Guias[Ecuador], _xlpm.CajaColombia, Guias[Colombia], TRUE, Guias[Ecuador] ), _xlpm.VuelosError, IFERROR(_xlfn.XLOOKUP(_xlpm.DiaGuia, Guias[Día], Guias[Vuelos])="***Error de Fecha***", FALSE), _xlpm.SemanaIncorrecta, _xlfn.ISOWEEKNUM(Main[[#This Row],[FechaEntrega]]-2) <> Guias!$M$2, IF(_xlpm.SemanaIncorrecta, "ERROR S", IF(ISNA(MATCH(Main[[#This Row],[FechaEntrega]], Guias[Fecha], 0)), "ERROR F", IF(_xlfn.XOR(_xlpm.FincaCol, _xlpm.CajaColombia), "ERROR P", IF(_xlpm.DiaGuia="", "", IF(_xlpm.VuelosError, "ERROR V", _xlfn.XLOOKUP(_xlpm.DiaGuia, Guias[Día], _xlpm.ColGuia) ) ) ) ) ) )} -> 16977 | M33: =Guias!$B$3 -> 46310 | N33: =ROUNDUP((Main[[#This Row],[Cost]]*Main[[#This Row],[Import Duties]]),2) -> 0.07 | O33: 0 | P33: 1 | Q33: 0 | R33: =ROUNDUP(Main[[#This Row],[Transport2]]/Main[[#This Row],[Cantidad_Min]],2) -> 0.52 | S33: =_xlfn.XLOOKUP(Main[[#This Row],[Type of Box]], Cajas[Nombre], Cajas[Largo]) -> 105 | T33: =_xlfn.XLOOKUP(Main[[#This Row],[Type of Box]], Cajas[Nombre], Cajas[Ancho]) -> 17 | U33: =_xlfn.XLOOKUP(Main[[#This Row],[Type of Box]], Cajas[Nombre], Cajas[Alto]) -> 17 | V33: =IF(Main[[#This Row],[Type of Box]]="", "", IF(OR(Main[[#This Row],[Type of Box]]="QB", Main[[#This Row],[Type of Box]]="EB", Main[[#This Row],[Type of Box]]="HB", Main[[#This Row],[Type of Box]]="QB2", Main[[#This Row],[Type of Box]]="EB2", Main[[#This Row],[Type of Box]]="SB"), (Main[[#This Row],[Largo2]]*Main[[#This Row],[Ancho]]*Main[[#This Row],[Alto]])/6000, ((Main[[#This Row],[Largo2]]+Sheet1!$U$2)*(Main[[#This Row],[Ancho]]+Sheet1!$U$2)*(Main[[#This Row],[Alto]]+Sheet1!$U$2))/6000)) -> 5.0575 | W33: =ROUNDUP(((Main[[#This Row],[Volumen]]*5.25))*1.36,2) -> 36.12 | X33: 0.1586 | Y33: =Main[[#This Row],[Cantidad_Min]]*Main[[#This Row],[Precio]]*Main[[#This Row],[Qty]] -> 104.3 | Z33: =_xlfn.XLOOKUP(Main[[#This Row],[Finca]], Fincas[Nombre], Fincas[ID]) -> 74 | AA33: {=_xlfn.LET( _xlpm.txt, Main[[#This Row],[Standing Orders]], _xlpm.q2num, IFERROR(VALUE(Guias!$M$2), ""), _xlpm.q2txt, UPPER(Guias!$M$2), _xlpm.weekIsOdd, IF(_xlpm.q2num<>"", MOD(_xlpm.q2num,2)=1, IF(ISNUMBER(FIND("IMPAR", _xlpm.q2txt)), TRUE, IF(ISNUMBER(FIND("PAR", _xlpm.q2txt)), FALSE, TRUE))), _xlpm.parts, IF(TRIM(_xlpm.txt)="", "", _xlfn.TOCOL(_xlfn.TEXTSPLIT(SUBSTITUTE(_xlpm.txt, CHAR(160), " "), ";"), 1)), _xlpm.build, IF(_xlfn.VALUETOTEXT(_xlpm.parts)="", "", _xlfn.MAP(_xlpm.parts, _xlfn.LAMBDA(_xlpm.r, _xlfn.LET( _xlpm.s, TRIM(_xlpm.r), _xlpm.s_upper, UPPER(_xlpm.s), _xlpm.p_marker, IF(ISNUMBER(FIND("(*IMPAR)", _xlpm.s_upper)), "impar", IF(ISNUMBER(FIND("(*PAR)", _xlpm.s_upper)), "par", "")), _xlpm.allow, IF(_xlpm.p_marker="", TRUE, IF(_xlpm.p_marker="impar", _xlpm.weekIsOdd, NOT(_xlpm.weekIsOdd))), IF(NOT(_xlpm.allow), "", _xlfn.LET( _xlpm.num, IFERROR(VALUE(LEFT(_xlpm.s, FIND(" ", _xlpm.s & " ")-1)), 0), _xlpm.rawname, TRIM(IFERROR(_xlfn.TEXTAFTER(_xlpm.s, " "), "")), _xlpm.name_pre, IFERROR(_xlfn.TEXTBEFORE(_xlpm.rawname, "["), _xlpm.rawname), _xlpm.name, TRIM(IFERROR(_xlfn.TEXTBEFORE(_xlpm.name_pre, "("), _xlpm.name_pre)), _xlpm.id, _xlfn.XLOOKUP(_xlpm.name, Vendedores[Fragmento], Vendedores[ID], ""), IF(OR(_xlpm.id="", _xlpm.num<=0), "", LEFT(REPT(_xlpm.id & ",", _xlpm.num), LEN(REPT(_xlpm.id & ",", _xlpm.num)) - 1)) ) ) ) ))), _xlpm.resultado, _xlfn.TEXTJOIN(",", TRUE, _xlpm.build), IF(_xlpm.resultado="", "", _xlpm.resultado & ",") )} -> rbaquero, | AB33: Y | AD33: 1 Ralph [Christys Floral and Gift Shop]
A34: Flodecol | B34: 1 | C34: EB | D34: 70 | E34: 70 | F34: Delphinium 70/80cm | G34: ="Seawaltz/Skywaltz " & _xlfn.XLOOKUP(Main[[#This Row],[FechaEntrega]], Guias[Fecha], Guias[Llegada]) -> Seawaltz/Skywaltz (T/W) | H34: PO107186 | I34: 0.41 | J34: =_xlfn.LET( _xlpm.result, 1-((Main[[#This Row],[Cost]]+Main[[#This Row],[Duties]]+Main[[#This Row],[Transport]])/((Main[[#This Row],[Precio]]*0.96))), IF(_xlpm.result<0, "BAJO", IF(_xlpm.result>1, "ALTO", _xlpm.result)) ) -> 0.30089485 | K34: =IF(OR(AND(ISNUMBER(FIND("(*PAR)", UPPER(Main[[#This Row],[Standing Orders]]))), MOD(IFERROR(VALUE(Guias!$M$2),0),2)=0), AND(ISNUMBER(FIND("(*IMPAR)", UPPER(Main[[#This Row],[Standing Orders]]))), MOD(IFERROR(VALUE(Guias!$M$2), 0),2)=1)), 1.49, 1.59) -> 1.49 | L34: {=_xlfn.LET( _xlpm.DiaSemana, WEEKDAY(Main[[#This Row],[FechaEntrega]], 2), _xlpm.CajaEcuador, OR(Main[[#This Row],[Type of Box]]="QB", Main[[#This Row],[Type of Box]]="EB", Main[[#This Row],[Type of Box]]="HB", Main[[#This Row],[Type of Box]]="SB"), _xlpm.CajaColombia, OR(Main[[#This Row],[Type of Box]]="QB2", Main[[#This Row],[Type of Box]]="EB2"), _xlpm.EsTF, ISNUMBER(SEARCH("T/F", Main[[#This Row],[Nombre]])), _xlpm.FincaCol, OR(Main[[#This Row],[Finca]]="Plazoleta", Main[[#This Row],[Finca]]="Flowers Party", Main[[#This Row],[Finca]]="HydranFlowers", Main[[#This Row],[Finca]]="Alexandra Farms", Main[[#This Row],[Finca]]="Circasia S.A.S.", Main[[#This Row],[Finca]]="Vuelven S.A.S.", Main[[#This Row],[Finca]]="Cultivos del Norte", Main[[#This Row],[Finca]]="La Conchita"), _xlpm.DiaGuia, _xlfn.IFS( AND(_xlpm.DiaSemana=1, _xlpm.CajaEcuador), "Lunes", AND(_xlpm.DiaSemana=1, _xlpm.CajaColombia), "Lunes", AND(_xlpm.DiaSemana=2, _xlpm.CajaEcuador), "Martes", AND(_xlpm.DiaSemana=2, _xlpm.CajaColombia), "Lunes", _xlpm.DiaSemana=3, "Miercoles", AND(_xlpm.DiaSemana=4, _xlpm.CajaEcuador), "Jueves", AND(_xlpm.DiaSemana=4, _xlpm.CajaColombia), "Miercoles", AND(_xlpm.DiaSemana=5, _xlpm.CajaEcuador), "Viernes", AND(_xlpm.DiaSemana=5, _xlpm.CajaColombia), "Jueves", AND(_xlpm.DiaSemana=6, _xlpm.CajaEcuador, _xlpm.EsTF), "Sabado B", AND(_xlpm.DiaSemana=6, _xlpm.CajaEcuador), "Viernes", AND(_xlpm.DiaSemana=6, _xlpm.CajaColombia), "Viernes", TRUE, "" ), _xlpm.ColGuia, _xlfn.IFS( _xlpm.DiaSemana=3, Guias[Ecuador], _xlpm.CajaColombia, Guias[Colombia], TRUE, Guias[Ecuador] ), _xlpm.VuelosError, IFERROR(_xlfn.XLOOKUP(_xlpm.DiaGuia, Guias[Día], Guias[Vuelos])="***Error de Fecha***", FALSE), _xlpm.SemanaIncorrecta, _xlfn.ISOWEEKNUM(Main[[#This Row],[FechaEntrega]]-2) <> Guias!$M$2, IF(_xlpm.SemanaIncorrecta, "ERROR S", IF(ISNA(MATCH(Main[[#This Row],[FechaEntrega]], Guias[Fecha], 0)), "ERROR F", IF(_xlfn.XOR(_xlpm.FincaCol, _xlpm.CajaColombia), "ERROR P", IF(_xlpm.DiaGuia="", "", IF(_xlpm.VuelosError, "ERROR V", _xlfn.XLOOKUP(_xlpm.DiaGuia, Guias[Día], _xlpm.ColGuia) ) ) ) ) ) )} -> 16977 | M34: =Guias!$B$3 -> 46310 | N34: =ROUNDUP((Main[[#This Row],[Cost]]*Main[[#This Row],[Import Duties]]),2) -> 0.07 | O34: 0 | P34: 1 | Q34: 0 | R34: =ROUNDUP(Main[[#This Row],[Transport2]]/Main[[#This Row],[Cantidad_Min]],2) -> 0.52 | S34: =_xlfn.XLOOKUP(Main[[#This Row],[Type of Box]], Cajas[Nombre], Cajas[Largo]) -> 105 | T34: =_xlfn.XLOOKUP(Main[[#This Row],[Type of Box]], Cajas[Nombre], Cajas[Ancho]) -> 17 | U34: =_xlfn.XLOOKUP(Main[[#This Row],[Type of Box]], Cajas[Nombre], Cajas[Alto]) -> 17 | V34: =IF(Main[[#This Row],[Type of Box]]="", "", IF(OR(Main[[#This Row],[Type of Box]]="QB", Main[[#This Row],[Type of Box]]="EB", Main[[#This Row],[Type of Box]]="HB", Main[[#This Row],[Type of Box]]="QB2", Main[[#This Row],[Type of Box]]="EB2", Main[[#This Row],[Type of Box]]="SB"), (Main[[#This Row],[Largo2]]*Main[[#This Row],[Ancho]]*Main[[#This Row],[Alto]])/6000, ((Main[[#This Row],[Largo2]]+Sheet1!$U$2)*(Main[[#This Row],[Ancho]]+Sheet1!$U$2)*(Main[[#This Row],[Alto]]+Sheet1!$U$2))/6000)) -> 5.0575 | W34: =ROUNDUP(((Main[[#This Row],[Volumen]]*5.25))*1.36,2) -> 36.12 | X34: 0.1586 | Y34: =Main[[#This Row],[Cantidad_Min]]*Main[[#This Row],[Precio]]*Main[[#This Row],[Qty]] -> 104.3 | Z34: =_xlfn.XLOOKUP(Main[[#This Row],[Finca]], Fincas[Nombre], Fincas[ID]) -> 74 | AA34: {=_xlfn.LET( _xlpm.txt, Main[[#This Row],[Standing Orders]], _xlpm.q2num, IFERROR(VALUE(Guias!$M$2), ""), _xlpm.q2txt, UPPER(Guias!$M$2), _xlpm.weekIsOdd, IF(_xlpm.q2num<>"", MOD(_xlpm.q2num,2)=1, IF(ISNUMBER(FIND("IMPAR", _xlpm.q2txt)), TRUE, IF(ISNUMBER(FIND("PAR", _xlpm.q2txt)), FALSE, TRUE))), _xlpm.parts, IF(TRIM(_xlpm.txt)="", "", _xlfn.TOCOL(_xlfn.TEXTSPLIT(SUBSTITUTE(_xlpm.txt, CHAR(160), " "), ";"), 1)), _xlpm.build, IF(_xlfn.VALUETOTEXT(_xlpm.parts)="", "", _xlfn.MAP(_xlpm.parts, _xlfn.LAMBDA(_xlpm.r, _xlfn.LET( _xlpm.s, TRIM(_xlpm.r), _xlpm.s_upper, UPPER(_xlpm.s), _xlpm.p_marker, IF(ISNUMBER(FIND("(*IMPAR)", _xlpm.s_upper)), "impar", IF(ISNUMBER(FIND("(*PAR)", _xlpm.s_upper)), "par", "")), _xlpm.allow, IF(_xlpm.p_marker="", TRUE, IF(_xlpm.p_marker="impar", _xlpm.weekIsOdd, NOT(_xlpm.weekIsOdd))), IF(NOT(_xlpm.allow), "", _xlfn.LET( _xlpm.num, IFERROR(VALUE(LEFT(_xlpm.s, FIND(" ", _xlpm.s & " ")-1)), 0), _xlpm.rawname, TRIM(IFERROR(_xlfn.TEXTAFTER(_xlpm.s, " "), "")), _xlpm.name_pre, IFERROR(_xlfn.TEXTBEFORE(_xlpm.rawname, "["), _xlpm.rawname), _xlpm.name, TRIM(IFERROR(_xlfn.TEXTBEFORE(_xlpm.name_pre, "("), _xlpm.name_pre)), _xlpm.id, _xlfn.XLOOKUP(_xlpm.name, Vendedores[Fragmento], Vendedores[ID], ""), IF(OR(_xlpm.id="", _xlpm.num<=0), "", LEFT(REPT(_xlpm.id & ",", _xlpm.num), LEN(REPT(_xlpm.id & ",", _xlpm.num)) - 1)) ) ) ) ))), _xlpm.resultado, _xlfn.TEXTJOIN(",", TRUE, _xlpm.build), IF(_xlpm.resultado="", "", _xlpm.resultado & ",") )} -> cmera, | AB34: Y | AD34: 1 Joss (*Par) [Bartlet]
A35: Flodecol | B35: 3 | C35: EB | D35: 8 | E35: 8 | F35: Gypsophilia Xlence | G35: 250g. (T/F) | H35: PO107187 | I35: 2.3 | J35: =_xlfn.LET( _xlpm.result, 1-((Main[[#This Row],[Cost]]+Main[[#This Row],[Duties]]+Main[[#This Row],[Transport]])/((Main[[#This Row],[Precio]]*0.96))), IF(_xlpm.result<0, "BAJO", IF(_xlpm.result>1, "ALTO", _xlpm.result)) ) -> 0.20238729 | K35: 9.39 | L35: {=_xlfn.LET( _xlpm.DiaSemana, WEEKDAY(Main[[#This Row],[FechaEntrega]], 2), _xlpm.CajaEcuador, OR(Main[[#This Row],[Type of Box]]="QB", Main[[#This Row],[Type of Box]]="EB", Main[[#This Row],[Type of Box]]="HB", Main[[#This Row],[Type of Box]]="SB"), _xlpm.CajaColombia, OR(Main[[#This Row],[Type of Box]]="QB2", Main[[#This Row],[Type of Box]]="EB2"), _xlpm.EsTF, ISNUMBER(SEARCH("T/F", Main[[#This Row],[Nombre]])), _xlpm.FincaCol, OR(Main[[#This Row],[Finca]]="Plazoleta", Main[[#This Row],[Finca]]="Flowers Party", Main[[#This Row],[Finca]]="HydranFlowers", Main[[#This Row],[Finca]]="Alexandra Farms", Main[[#This Row],[Finca]]="Circasia S.A.S.", Main[[#This Row],[Finca]]="Vuelven S.A.S.", Main[[#This Row],[Finca]]="Cultivos del Norte", Main[[#This Row],[Finca]]="La Conchita"), _xlpm.DiaGuia, _xlfn.IFS( AND(_xlpm.DiaSemana=1, _xlpm.CajaEcuador), "Lunes", AND(_xlpm.DiaSemana=1, _xlpm.CajaColombia), "Lunes", AND(_xlpm.DiaSemana=2, _xlpm.CajaEcuador), "Martes", AND(_xlpm.DiaSemana=2, _xlpm.CajaColombia), "Lunes", _xlpm.DiaSemana=3, "Miercoles", AND(_xlpm.DiaSemana=4, _xlpm.CajaEcuador), "Jueves", AND(_xlpm.DiaSemana=4, _xlpm.CajaColombia), "Miercoles", AND(_xlpm.DiaSemana=5, _xlpm.CajaEcuador), "Viernes", AND(_xlpm.DiaSemana=5, _xlpm.CajaColombia), "Jueves", AND(_xlpm.DiaSemana=6, _xlpm.CajaEcuador, _xlpm.EsTF), "Sabado B", AND(_xlpm.DiaSemana=6, _xlpm.CajaEcuador), "Viernes", AND(_xlpm.DiaSemana=6, _xlpm.CajaColombia), "Viernes", TRUE, "" ), _xlpm.ColGuia, _xlfn.IFS( _xlpm.DiaSemana=3, Guias[Ecuador], _xlpm.CajaColombia, Guias[Colombia], TRUE, Guias[Ecuador] ), _xlpm.VuelosError, IFERROR(_xlfn.XLOOKUP(_xlpm.DiaGuia, Guias[Día], Guias[Vuelos])="***Error de Fecha***", FALSE), _xlpm.SemanaIncorrecta, _xlfn.ISOWEEKNUM(Main[[#This Row],[FechaEntrega]]-2) <> Guias!$M$2, IF(_xlpm.SemanaIncorrecta, "ERROR S", IF(ISNA(MATCH(Main[[#This Row],[FechaEntrega]], Guias[Fecha], 0)), "ERROR F", IF(_xlfn.XOR(_xlpm.FincaCol, _xlpm.CajaColombia), "ERROR P", IF(_xlpm.DiaGuia="", "", IF(_xlpm.VuelosError, "ERROR V", _xlfn.XLOOKUP(_xlpm.DiaGuia, Guias[Día], _xlpm.ColGuia) ) ) ) ) ) )} -> 16952 | M35: =Guias!$B$7 -> 46314 | N35: =ROUNDUP((Main[[#This Row],[Cost]]*Main[[#This Row],[Import Duties]]),2) -> 0.37 | O35: 0 | P35: 1 | Q35: 0 | R35: =ROUNDUP(Main[[#This Row],[Transport2]]/Main[[#This Row],[Cantidad_Min]],2) -> 4.52 | S35: =_xlfn.XLOOKUP(Main[[#This Row],[Type of Box]], Cajas[Nombre], Cajas[Largo]) -> 105 | T35: =_xlfn.XLOOKUP(Main[[#This Row],[Type of Box]], Cajas[Nombre], Cajas[Ancho]) -> 17 | U35: =_xlfn.XLOOKUP(Main[[#This Row],[Type of Box]], Cajas[Nombre], Cajas[Alto]) -> 17 | V35: =IF(Main[[#This Row],[Type of Box]]="", "", IF(OR(Main[[#This Row],[Type of Box]]="QB", Main[[#This Row],[Type of Box]]="EB", Main[[#This Row],[Type of Box]]="HB", Main[[#This Row],[Type of Box]]="QB2", Main[[#This Row],[Type of Box]]="EB2", Main[[#This Row],[Type of Box]]="SB"), (Main[[#This Row],[Largo2]]*Main[[#This Row],[Ancho]]*Main[[#This Row],[Alto]])/6000, ((Main[[#This Row],[Largo2]]+Sheet1!$U$2)*(Main[[#This Row],[Ancho]]+Sheet1!$U$2)*(Main[[#This Row],[Alto]]+Sheet1!$U$2))/6000)) -> 5.0575 | W35: =ROUNDUP(((Main[[#This Row],[Volumen]]*5.25))*1.36,2) -> 36.12 | X35: 0.1586 | Y35: =Main[[#This Row],[Cantidad_Min]]*Main[[#This Row],[Precio]]*Main[[#This Row],[Qty]] -> 225.36 | Z35: =_xlfn.XLOOKUP(Main[[#This Row],[Finca]], Fincas[Nombre], Fincas[ID]) -> 74 | AA35: {=_xlfn.LET( _xlpm.txt, Main[[#This Row],[Standing Orders]], _xlpm.q2num, IFERROR(VALUE(Guias!$M$2), ""), _xlpm.q2txt, UPPER(Guias!$M$2), _xlpm.weekIsOdd, IF(_xlpm.q2num<>"", MOD(_xlpm.q2num,2)=1, IF(ISNUMBER(FIND("IMPAR", _xlpm.q2txt)), TRUE, IF(ISNUMBER(FIND("PAR", _xlpm.q2txt)), FALSE, TRUE))), _xlpm.parts, IF(TRIM(_xlpm.txt)="", "", _xlfn.TOCOL(_xlfn.TEXTSPLIT(SUBSTITUTE(_xlpm.txt, CHAR(160), " "), ";"), 1)), _xlpm.build, IF(_xlfn.VALUETOTEXT(_xlpm.parts)="", "", _xlfn.MAP(_xlpm.parts, _xlfn.LAMBDA(_xlpm.r, _xlfn.LET( _xlpm.s, TRIM(_xlpm.r), _xlpm.s_upper, UPPER(_xlpm.s), _xlpm.p_marker, IF(ISNUMBER(FIND("(*IMPAR)", _xlpm.s_upper)), "impar", IF(ISNUMBER(FIND("(*PAR)", _xlpm.s_upper)), "par", "")), _xlpm.allow, IF(_xlpm.p_marker="", TRUE, IF(_xlpm.p_marker="impar", _xlpm.weekIsOdd, NOT(_xlpm.weekIsOdd))), IF(NOT(_xlpm.allow), "", _xlfn.LET( _xlpm.num, IFERROR(VALUE(LEFT(_xlpm.s, FIND(" ", _xlpm.s & " ")-1)), 0), _xlpm.rawname, TRIM(IFERROR(_xlfn.TEXTAFTER(_xlpm.s, " "), "")), _xlpm.name_pre, IFERROR(_xlfn.TEXTBEFORE(_xlpm.rawname, "["), _xlpm.rawname), _xlpm.name, TRIM(IFERROR(_xlfn.TEXTBEFORE(_xlpm.name_pre, "("), _xlpm.name_pre)), _xlpm.id, _xlfn.XLOOKUP(_xlpm.name, Vendedores[Fragmento], Vendedores[ID], ""), IF(OR(_xlpm.id="", _xlpm.num<=0), "", LEFT(REPT(_xlpm.id & ",", _xlpm.num), LEN(REPT(_xlpm.id & ",", _xlpm.num)) - 1)) ) ) ) ))), _xlpm.resultado, _xlfn.TEXTJOIN(",", TRUE, _xlpm.build), IF(_xlpm.resultado="", "", _xlpm.resultado & ",") )} | AB35: Y
A36: Florecal | B36: 1 | C36: QB | D36: 1 | E36: 1 | F36: EC Designer Mix | G36: ="75 Standard Roses/36 Garden Roses/20 Spray Roses x 131 " & _xlfn.XLOOKUP(Main[[#This Row],[FechaEntrega]], Guias[Fecha], Guias[Llegada]) -> 75 Standard Roses/36 Garden Roses/20 Spray Roses x 131 (T/W) | H36: PO107188 | I36: 61.284 | J36: =_xlfn.LET( _xlpm.result, 1-((Main[[#This Row],[Cost]]+Main[[#This Row],[Duties]]+Main[[#This Row],[Transport]])/((Main[[#This Row],[Precio]]*0.96))), IF(_xlpm.result<0, "BAJO", IF(_xlpm.result>1, "ALTO", _xlpm.result)) ) -> 0.27074106 | K36: 195.66667 | L36: {=_xlfn.LET( _xlpm.DiaSemana, WEEKDAY(Main[[#This Row],[FechaEntrega]], 2), _xlpm.CajaEcuador, OR(Main[[#This Row],[Type of Box]]="QB", Main[[#This Row],[Type of Box]]="EB", Main[[#This Row],[Type of Box]]="HB", Main[[#This Row],[Type of Box]]="SB"), _xlpm.CajaColombia, OR(Main[[#This Row],[Type of Box]]="QB2", Main[[#This Row],[Type of Box]]="EB2"), _xlpm.EsTF, ISNUMBER(SEARCH("T/F", Main[[#This Row],[Nombre]])), _xlpm.FincaCol, OR(Main[[#This Row],[Finca]]="Plazoleta", Main[[#This Row],[Finca]]="Flowers Party", Main[[#This Row],[Finca]]="HydranFlowers", Main[[#This Row],[Finca]]="Alexandra Farms", Main[[#This Row],[Finca]]="Circasia S.A.S.", Main[[#This Row],[Finca]]="Vuelven S.A.S.", Main[[#This Row],[Finca]]="Cultivos del Norte", Main[[#This Row],[Finca]]="La Conchita"), _xlpm.DiaGuia, _xlfn.IFS( AND(_xlpm.DiaSemana=1, _xlpm.CajaEcuador), "Lunes", AND(_xlpm.DiaSemana=1, _xlpm.CajaColombia), "Lunes", AND(_xlpm.DiaSemana=2, _xlpm.CajaEcuador), "Martes", AND(_xlpm.DiaSemana=2, _xlpm.CajaColombia), "Lunes", _xlpm.DiaSemana=3, "Miercoles", AND(_xlpm.DiaSemana=4, _xlpm.CajaEcuador), "Jueves", AND(_xlpm.DiaSemana=4, _xlpm.CajaColombia), "Miercoles", AND(_xlpm.DiaSemana=5, _xlpm.CajaEcuador), "Viernes", AND(_xlpm.DiaSemana=5, _xlpm.CajaColombia), "Jueves", AND(_xlpm.DiaSemana=6, _xlpm.CajaEcuador, _xlpm.EsTF), "Sabado B", AND(_xlpm.DiaSemana=6, _xlpm.CajaEcuador), "Viernes", AND(_xlpm.DiaSemana=6, _xlpm.CajaColombia), "Viernes", TRUE, "" ), _xlpm.ColGuia, _xlfn.IFS( _xlpm.DiaSemana=3, Guias[Ecuador], _xlpm.CajaColombia, Guias[Colombia], TRUE, Guias[Ecuador] ), _xlpm.VuelosError, IFERROR(_xlfn.XLOOKUP(_xlpm.DiaGuia, Guias[Día], Guias[Vuelos])="***Error de Fecha***", FALSE), _xlpm.SemanaIncorrecta, _xlfn.ISOWEEKNUM(Main[[#This Row],[FechaEntrega]]-2) <> Guias!$M$2, IF(_xlpm.SemanaIncorrecta, "ERROR S", IF(ISNA(MATCH(Main[[#This Row],[FechaEntrega]], Guias[Fecha], 0)), "ERROR F", IF(_xlfn.XOR(_xlpm.FincaCol, _xlpm.CajaColombia), "ERROR P", IF(_xlpm.DiaGuia="", "", IF(_xlpm.VuelosError, "ERROR V", _xlfn.XLOOKUP(_xlpm.DiaGuia, Guias[Día], _xlpm.ColGuia) ) ) ) ) ) )} -> 16977 | M36: =Guias!$B$3 -> 46310 | N36: =ROUNDUP((Main[[#This Row],[Cost]]*Main[[#This Row],[Import Duties]]),2) -> 9.72 | O36: 0 | P36: 1 | Q36: 0 | R36: =ROUNDUP(Main[[#This Row],[Transport2]]/Main[[#This Row],[Cantidad_Min]],2) -> 65.98 | S36: =_xlfn.XLOOKUP(Main[[#This Row],[Type of Box]], Cajas[Nombre], Cajas[Largo]) -> 99 | T36: =_xlfn.XLOOKUP(Main[[#This Row],[Type of Box]], Cajas[Nombre], Cajas[Ancho]) -> 35 | U36: =_xlfn.XLOOKUP(Main[[#This Row],[Type of Box]], Cajas[Nombre], Cajas[Alto]) -> 16 | V36: =IF(Main[[#This Row],[Type of Box]]="", "", IF(OR(Main[[#This Row],[Type of Box]]="QB", Main[[#This Row],[Type of Box]]="EB", Main[[#This Row],[Type of Box]]="HB", Main[[#This Row],[Type of Box]]="QB2", Main[[#This Row],[Type of Box]]="EB2", Main[[#This Row],[Type of Box]]="SB"), (Main[[#This Row],[Largo2]]*Main[[#This Row],[Ancho]]*Main[[#This Row],[Alto]])/6000, ((Main[[#This Row],[Largo2]]+Sheet1!$U$2)*(Main[[#This Row],[Ancho]]+Sheet1!$U$2)*(Main[[#This Row],[Alto]]+Sheet1!$U$2))/6000)) -> 9.24 | W36: =ROUNDUP(((Main[[#This Row],[Volumen]]*5.25))*1.36,2) -> 65.98 | X36: 0.1586 | Y36: =Main[[#This Row],[Cantidad_Min]]*Main[[#This Row],[Precio]]*Main[[#This Row],[Qty]] -> 195.66667 | Z36: =_xlfn.XLOOKUP(Main[[#This Row],[Finca]], Fincas[Nombre], Fincas[ID]) -> 38 | AA36: {=_xlfn.LET( _xlpm.txt, Main[[#This Row],[Standing Orders]], _xlpm.q2num, IFERROR(VALUE(Guias!$M$2), ""), _xlpm.q2txt, UPPER(Guias!$M$2), _xlpm.weekIsOdd, IF(_xlpm.q2num<>"", MOD(_xlpm.q2num,2)=1, IF(ISNUMBER(FIND("IMPAR", _xlpm.q2txt)), TRUE, IF(ISNUMBER(FIND("PAR", _xlpm.q2txt)), FALSE, TRUE))), _xlpm.parts, IF(TRIM(_xlpm.txt)="", "", _xlfn.TOCOL(_xlfn.TEXTSPLIT(SUBSTITUTE(_xlpm.txt, CHAR(160), " "), ";"), 1)), _xlpm.build, IF(_xlfn.VALUETOTEXT(_xlpm.parts)="", "", _xlfn.MAP(_xlpm.parts, _xlfn.LAMBDA(_xlpm.r, _xlfn.LET( _xlpm.s, TRIM(_xlpm.r), _xlpm.s_upper, UPPER(_xlpm.s), _xlpm.p_marker, IF(ISNUMBER(FIND("(*IMPAR)", _xlpm.s_upper)), "impar", IF(ISNUMBER(FIND("(*PAR)", _xlpm.s_upper)), "par", "")), _xlpm.allow, IF(_xlpm.p_marker="", TRUE, IF(_xlpm.p_marker="impar", _xlpm.weekIsOdd, NOT(_xlpm.weekIsOdd))), IF(NOT(_xlpm.allow), "", _xlfn.LET( _xlpm.num, IFERROR(VALUE(LEFT(_xlpm.s, FIND(" ", _xlpm.s & " ")-1)), 0), _xlpm.rawname, TRIM(IFERROR(_xlfn.TEXTAFTER(_xlpm.s, " "), "")), _xlpm.name_pre, IFERROR(_xlfn.TEXTBEFORE(_xlpm.rawname, "["), _xlpm.rawname), _xlpm.name, TRIM(IFERROR(_xlfn.TEXTBEFORE(_xlpm.name_pre, "("), _xlpm.name_pre)), _xlpm.id, _xlfn.XLOOKUP(_xlpm.name, Vendedores[Fragmento], Vendedores[ID], ""), IF(OR(_xlpm.id="", _xlpm.num<=0), "", LEFT(REPT(_xlpm.id & ",", _xlpm.num), LEN(REPT(_xlpm.id & ",", _xlpm.num)) - 1)) ) ) ) ))), _xlpm.resultado, _xlfn.TEXTJOIN(",", TRUE, _xlpm.build), IF(_xlpm.resultado="", "", _xlpm.resultado & ",") )} -> rbaquero, | AB36: Y | AD36: 1 Ralph [Floral Cottage MT]
A37: Florecal | B37: 1 | C37: QB | D37: 1 | E37: 1 | F37: EC Designer Mix | G37: ="75 Standard Roses/36 Garden Roses/20 Spray Roses x 131 " & _xlfn.XLOOKUP(Main[[#This Row],[FechaEntrega]], Guias[Fecha], Guias[Llegada]) -> 75 Standard Roses/36 Garden Roses/20 Spray Roses x 131 (T/W) | H37: PO107189 | I37: 61.284 | J37: =_xlfn.LET( _xlpm.result, 1-((Main[[#This Row],[Cost]]+Main[[#This Row],[Duties]]+Main[[#This Row],[Transport]])/((Main[[#This Row],[Precio]]*0.96))), IF(_xlpm.result<0, "BAJO", IF(_xlpm.result>1, "ALTO", _xlpm.result)) ) -> 0.24501764 | K37: 189 | L37: {=_xlfn.LET( _xlpm.DiaSemana, WEEKDAY(Main[[#This Row],[FechaEntrega]], 2), _xlpm.CajaEcuador, OR(Main[[#This Row],[Type of Box]]="QB", Main[[#This Row],[Type of Box]]="EB", Main[[#This Row],[Type of Box]]="HB", Main[[#This Row],[Type of Box]]="SB"), _xlpm.CajaColombia, OR(Main[[#This Row],[Type of Box]]="QB2", Main[[#This Row],[Type of Box]]="EB2"), _xlpm.EsTF, ISNUMBER(SEARCH("T/F", Main[[#This Row],[Nombre]])), _xlpm.FincaCol, OR(Main[[#This Row],[Finca]]="Plazoleta", Main[[#This Row],[Finca]]="Flowers Party", Main[[#This Row],[Finca]]="HydranFlowers", Main[[#This Row],[Finca]]="Alexandra Farms", Main[[#This Row],[Finca]]="Circasia S.A.S.", Main[[#This Row],[Finca]]="Vuelven S.A.S.", Main[[#This Row],[Finca]]="Cultivos del Norte", Main[[#This Row],[Finca]]="La Conchita"), _xlpm.DiaGuia, _xlfn.IFS( AND(_xlpm.DiaSemana=1, _xlpm.CajaEcuador), "Lunes", AND(_xlpm.DiaSemana=1, _xlpm.CajaColombia), "Lunes", AND(_xlpm.DiaSemana=2, _xlpm.CajaEcuador), "Martes", AND(_xlpm.DiaSemana=2, _xlpm.CajaColombia), "Lunes", _xlpm.DiaSemana=3, "Miercoles", AND(_xlpm.DiaSemana=4, _xlpm.CajaEcuador), "Jueves", AND(_xlpm.DiaSemana=4, _xlpm.CajaColombia), "Miercoles", AND(_xlpm.DiaSemana=5, _xlpm.CajaEcuador), "Viernes", AND(_xlpm.DiaSemana=5, _xlpm.CajaColombia), "Jueves", AND(_xlpm.DiaSemana=6, _xlpm.CajaEcuador, _xlpm.EsTF), "Sabado B", AND(_xlpm.DiaSemana=6, _xlpm.CajaEcuador), "Viernes", AND(_xlpm.DiaSemana=6, _xlpm.CajaColombia), "Viernes", TRUE, "" ), _xlpm.ColGuia, _xlfn.IFS( _xlpm.DiaSemana=3, Guias[Ecuador], _xlpm.CajaColombia, Guias[Colombia], TRUE, Guias[Ecuador] ), _xlpm.VuelosError, IFERROR(_xlfn.XLOOKUP(_xlpm.DiaGuia, Guias[Día], Guias[Vuelos])="***Error de Fecha***", FALSE), _xlpm.SemanaIncorrecta, _xlfn.ISOWEEKNUM(Main[[#This Row],[FechaEntrega]]-2) <> Guias!$M$2, IF(_xlpm.SemanaIncorrecta, "ERROR S", IF(ISNA(MATCH(Main[[#This Row],[FechaEntrega]], Guias[Fecha], 0)), "ERROR F", IF(_xlfn.XOR(_xlpm.FincaCol, _xlpm.CajaColombia), "ERROR P", IF(_xlpm.DiaGuia="", "", IF(_xlpm.VuelosError, "ERROR V", _xlfn.XLOOKUP(_xlpm.DiaGuia, Guias[Día], _xlpm.ColGuia) ) ) ) ) ) )} -> 16977 | M37: =Guias!$B$3 -> 46310 | N37: =ROUNDUP((Main[[#This Row],[Cost]]*Main[[#This Row],[Import Duties]]),2) -> 9.72 | O37: 0 | P37: 1 | Q37: 0 | R37: =ROUNDUP(Main[[#This Row],[Transport2]]/Main[[#This Row],[Cantidad_Min]],2) -> 65.98 | S37: =_xlfn.XLOOKUP(Main[[#This Row],[Type of Box]], Cajas[Nombre], Cajas[Largo]) -> 99 | T37: =_xlfn.XLOOKUP(Main[[#This Row],[Type of Box]], Cajas[Nombre], Cajas[Ancho]) -> 35 | U37: =_xlfn.XLOOKUP(Main[[#This Row],[Type of Box]], Cajas[Nombre], Cajas[Alto]) -> 16 | V37: =IF(Main[[#This Row],[Type of Box]]="", "", IF(OR(Main[[#This Row],[Type of Box]]="QB", Main[[#This Row],[Type of Box]]="EB", Main[[#This Row],[Type of Box]]="HB", Main[[#This Row],[Type of Box]]="QB2", Main[[#This Row],[Type of Box]]="EB2", Main[[#This Row],[Type of Box]]="SB"), (Main[[#This Row],[Largo2]]*Main[[#This Row],[Ancho]]*Main[[#This Row],[Alto]])/6000, ((Main[[#This Row],[Largo2]]+Sheet1!$U$2)*(Main[[#This Row],[Ancho]]+Sheet1!$U$2)*(Main[[#This Row],[Alto]]+Sheet1!$U$2))/6000)) -> 9.24 | W37: =ROUNDUP(((Main[[#This Row],[Volumen]]*5.25))*1.36,2) -> 65.98 | X37: 0.1586 | Y37: =Main[[#This Row],[Cantidad_Min]]*Main[[#This Row],[Precio]]*Main[[#This Row],[Qty]] -> 189 | Z37: =_xlfn.XLOOKUP(Main[[#This Row],[Finca]], Fincas[Nombre], Fincas[ID]) -> 38 | AA37: {=_xlfn.LET( _xlpm.txt, Main[[#This Row],[Standing Orders]], _xlpm.q2num, IFERROR(VALUE(Guias!$M$2), ""), _xlpm.q2txt, UPPER(Guias!$M$2), _xlpm.weekIsOdd, IF(_xlpm.q2num<>"", MOD(_xlpm.q2num,2)=1, IF(ISNUMBER(FIND("IMPAR", _xlpm.q2txt)), TRUE, IF(ISNUMBER(FIND("PAR", _xlpm.q2txt)), FALSE, TRUE))), _xlpm.parts, IF(TRIM(_xlpm.txt)="", "", _xlfn.TOCOL(_xlfn.TEXTSPLIT(SUBSTITUTE(_xlpm.txt, CHAR(160), " "), ";"), 1)), _xlpm.build, IF(_xlfn.VALUETOTEXT(_xlpm.parts)="", "", _xlfn.MAP(_xlpm.parts, _xlfn.LAMBDA(_xlpm.r, _xlfn.LET( _xlpm.s, TRIM(_xlpm.r), _xlpm.s_upper, UPPER(_xlpm.s), _xlpm.p_marker, IF(ISNUMBER(FIND("(*IMPAR)", _xlpm.s_upper)), "impar", IF(ISNUMBER(FIND("(*PAR)", _xlpm.s_upper)), "par", "")), _xlpm.allow, IF(_xlpm.p_marker="", TRUE, IF(_xlpm.p_marker="impar", _xlpm.weekIsOdd, NOT(_xlpm.weekIsOdd))), IF(NOT(_xlpm.allow), "", _xlfn.LET( _xlpm.num, IFERROR(VALUE(LEFT(_xlpm.s, FIND(" ", _xlpm.s & " ")-1)), 0), _xlpm.rawname, TRIM(IFERROR(_xlfn.TEXTAFTER(_xlpm.s, " "), "")), _xlpm.name_pre, IFERROR(_xlfn.TEXTBEFORE(_xlpm.rawname, "["), _xlpm.rawname), _xlpm.name, TRIM(IFERROR(_xlfn.TEXTBEFORE(_xlpm.name_pre, "("), _xlpm.name_pre)), _xlpm.id, _xlfn.XLOOKUP(_xlpm.name, Vendedores[Fragmento], Vendedores[ID], ""), IF(OR(_xlpm.id="", _xlpm.num<=0), "", LEFT(REPT(_xlpm.id & ",", _xlpm.num), LEN(REPT(_xlpm.id & ",", _xlpm.num)) - 1)) ) ) ) ))), _xlpm.resultado, _xlfn.TEXTJOIN(",", TRUE, _xlpm.build), IF(_xlpm.resultado="", "", _xlpm.resultado & ",") )} -> eorces, | AB37: Y | AD37: 1 Tefa [Mays Floral NV]
